"PixelsTif";"PixelsModel";"Year 0";"Year 1"
1;NA;NA;NA
2;NA;NA;NA
3;NA;NA;NA
4;NA;NA;NA
5;NA;NA;NA
6;NA;NA;NA
7;NA;NA;NA
8;NA;NA;NA
9;NA;NA;NA
10;NA;NA;NA
11;NA;NA;NA
12;NA;NA;NA
13;NA;NA;NA
14;NA;NA;NA
15;NA;NA;NA
16;NA;NA;NA
17;NA;NA;NA
18;NA;NA;NA
19;NA;NA;NA
20;NA;NA;NA
21;NA;NA;NA
22;NA;NA;NA
23;NA;NA;NA
24;NA;NA;NA
25;NA;NA;NA
26;NA;NA;NA
27;NA;NA;NA
28;NA;NA;NA
29;NA;NA;NA
30;NA;NA;NA
31;NA;NA;NA
32;NA;NA;NA
33;NA;NA;NA
34;NA;NA;NA
35;NA;NA;NA
36;NA;NA;NA
37;NA;NA;NA
38;NA;NA;NA
39;NA;NA;NA
40;NA;NA;NA
41;NA;NA;NA
42;NA;NA;NA
43;NA;NA;NA
44;NA;NA;NA
45;NA;NA;NA
46;NA;NA;NA
47;NA;NA;NA
48;NA;NA;NA
49;NA;NA;NA
50;NA;NA;NA
51;NA;NA;NA
52;NA;NA;NA
53;NA;NA;NA
54;NA;NA;NA
55;NA;NA;NA
56;NA;NA;NA
57;NA;NA;NA
58;NA;NA;NA
59;NA;NA;NA
60;NA;NA;NA
61;NA;NA;NA
62;NA;NA;NA
63;NA;NA;NA
64;NA;NA;NA
65;NA;NA;NA
66;NA;NA;NA
67;NA;NA;NA
68;NA;NA;NA
69;NA;NA;NA
70;NA;NA;NA
71;NA;NA;NA
72;NA;NA;NA
73;NA;NA;NA
74;NA;NA;NA
75;NA;NA;NA
76;NA;NA;NA
77;NA;NA;NA
78;1;NA;NA
79;2;NA;NA
80;3;NA;NA
81;NA;NA;NA
82;NA;NA;NA
83;NA;NA;NA
84;NA;NA;NA
85;NA;NA;NA
86;NA;NA;NA
87;NA;NA;NA
88;NA;NA;NA
89;NA;NA;NA
90;NA;NA;NA
91;NA;NA;NA
92;NA;NA;NA
93;NA;NA;NA
94;NA;NA;NA
95;NA;NA;NA
96;NA;NA;NA
97;NA;NA;NA
98;NA;NA;NA
99;NA;NA;NA
100;NA;NA;NA
101;NA;NA;NA
102;NA;NA;NA
103;NA;NA;NA
104;NA;NA;NA
105;NA;NA;NA
106;NA;NA;NA
107;NA;NA;NA
108;NA;NA;NA
109;NA;NA;NA
110;NA;NA;NA
111;NA;NA;NA
112;NA;NA;NA
113;NA;NA;NA
114;NA;NA;NA
115;NA;NA;NA
116;NA;NA;NA
117;NA;NA;NA
118;NA;NA;NA
119;NA;NA;NA
120;NA;NA;NA
121;NA;NA;NA
122;NA;NA;NA
123;NA;NA;NA
124;NA;NA;NA
125;NA;NA;NA
126;NA;NA;NA
127;NA;NA;NA
128;NA;NA;NA
129;NA;NA;NA
130;NA;NA;NA
131;NA;NA;NA
132;NA;NA;NA
133;NA;NA;NA
134;NA;NA;NA
135;NA;NA;NA
136;NA;NA;NA
137;NA;NA;NA
138;NA;NA;NA
139;NA;NA;NA
140;NA;NA;NA
141;NA;NA;NA
142;NA;NA;NA
143;NA;NA;NA
144;NA;NA;NA
145;NA;NA;NA
146;NA;NA;NA
147;NA;NA;NA
148;NA;NA;NA
149;NA;NA;NA
150;NA;NA;NA
151;NA;NA;NA
152;NA;NA;NA
153;NA;NA;NA
154;NA;NA;NA
155;NA;NA;NA
156;NA;NA;NA
157;NA;NA;NA
158;NA;NA;NA
159;NA;NA;NA
160;NA;NA;NA
161;NA;NA;NA
162;NA;NA;NA
163;NA;NA;NA
164;NA;NA;NA
165;NA;NA;NA
166;NA;NA;NA
167;NA;NA;NA
168;NA;NA;NA
169;NA;NA;NA
170;NA;NA;NA
171;NA;NA;NA
172;NA;NA;NA
173;NA;NA;NA
174;NA;NA;NA
175;NA;NA;NA
176;NA;NA;NA
177;NA;NA;NA
178;NA;NA;NA
179;NA;NA;NA
180;NA;NA;NA
181;NA;NA;NA
182;NA;NA;NA
183;NA;NA;NA
184;NA;NA;NA
185;NA;NA;NA
186;NA;NA;NA
187;NA;NA;NA
188;NA;NA;NA
189;NA;NA;NA
190;4;NA;NA
191;NA;NA;NA
192;NA;NA;NA
193;NA;NA;NA
194;NA;NA;NA
195;NA;NA;NA
196;NA;NA;NA
197;5;NA;NA
198;6;NA;NA
199;7;NA;NA
200;8;NA;NA
201;9;NA;NA
202;NA;NA;NA
203;NA;NA;NA
204;NA;NA;NA
205;NA;NA;NA
206;NA;NA;NA
207;10;NA;100
208;11;NA;NA
209;NA;NA;NA
210;NA;NA;NA
211;NA;NA;NA
212;NA;NA;NA
213;NA;NA;NA
214;NA;NA;NA
215;NA;NA;NA
216;NA;NA;NA
217;NA;NA;NA
218;NA;NA;NA
219;NA;NA;NA
220;NA;NA;NA
221;NA;NA;NA
222;NA;NA;NA
223;NA;NA;NA
224;NA;NA;NA
225;NA;NA;NA
226;NA;NA;NA
227;NA;NA;NA
228;NA;NA;NA
229;NA;NA;NA
230;NA;NA;NA
231;NA;NA;NA
232;NA;NA;NA
233;NA;NA;NA
234;NA;NA;NA
235;NA;NA;NA
236;NA;NA;NA
237;NA;NA;NA
238;NA;NA;NA
239;NA;NA;NA
240;NA;NA;NA
241;NA;NA;NA
242;NA;NA;NA
243;NA;NA;NA
244;NA;NA;NA
245;NA;NA;NA
246;NA;NA;NA
247;NA;NA;NA
248;NA;NA;NA
249;NA;NA;NA
250;NA;NA;NA
251;NA;NA;NA
252;NA;NA;NA
253;NA;NA;NA
254;NA;NA;NA
255;NA;NA;NA
256;NA;NA;NA
257;NA;NA;NA
258;NA;NA;NA
259;NA;NA;NA
260;NA;NA;NA
261;NA;NA;NA
262;NA;NA;NA
263;NA;NA;NA
264;NA;NA;NA
265;NA;NA;NA
266;NA;NA;NA
267;NA;NA;NA
268;NA;NA;NA
269;NA;NA;NA
270;NA;NA;NA
271;NA;NA;NA
272;NA;NA;NA
273;NA;NA;NA
274;NA;NA;NA
275;NA;NA;NA
276;NA;NA;NA
277;NA;NA;NA
278;NA;NA;NA
279;NA;NA;NA
280;NA;NA;NA
281;NA;NA;NA
282;NA;NA;NA
283;NA;NA;NA
284;NA;NA;NA
285;NA;NA;NA
286;NA;NA;NA
287;NA;NA;NA
288;NA;NA;NA
289;NA;NA;NA
290;NA;NA;NA
291;NA;NA;NA
292;NA;NA;NA
293;NA;NA;NA
294;NA;NA;NA
295;NA;NA;NA
296;NA;NA;NA
297;NA;NA;NA
298;NA;NA;NA
299;NA;NA;NA
300;NA;NA;NA
301;NA;NA;NA
302;NA;NA;NA
303;NA;NA;NA
304;NA;NA;NA
305;NA;NA;NA
306;NA;NA;NA
307;12;NA;NA
308;13;NA;NA
309;14;NA;NA
310;15;NA;NA
311;NA;NA;NA
312;NA;NA;NA
313;NA;NA;NA
314;NA;NA;NA
315;NA;NA;NA
316;16;NA;NA
317;17;NA;NA
318;18;NA;NA
319;19;NA;NA
320;20;NA;NA
321;21;NA;NA
322;NA;NA;NA
323;NA;NA;NA
324;NA;NA;NA
325;NA;NA;NA
326;NA;NA;NA
327;22;NA;100
328;23;100;100
329;24;NA;NA
330;NA;NA;NA
331;NA;NA;NA
332;NA;NA;NA
333;NA;NA;NA
334;NA;NA;NA
335;NA;NA;NA
336;NA;NA;NA
337;NA;NA;NA
338;NA;NA;NA
339;NA;NA;NA
340;NA;NA;NA
341;NA;NA;NA
342;NA;NA;NA
343;NA;NA;NA
344;NA;NA;NA
345;NA;NA;NA
346;NA;NA;NA
347;NA;NA;NA
348;NA;NA;NA
349;NA;NA;NA
350;NA;NA;NA
351;NA;NA;NA
352;NA;NA;NA
353;NA;NA;NA
354;NA;NA;NA
355;NA;NA;NA
356;NA;NA;NA
357;NA;NA;NA
358;NA;NA;NA
359;NA;NA;NA
360;NA;NA;NA
361;NA;NA;NA
362;NA;NA;NA
363;NA;NA;NA
364;NA;NA;NA
365;NA;NA;NA
366;NA;NA;NA
367;NA;NA;NA
368;NA;NA;NA
369;NA;NA;NA
370;NA;NA;NA
371;NA;NA;NA
372;NA;NA;NA
373;NA;NA;NA
374;NA;NA;NA
375;NA;NA;NA
376;NA;NA;NA
377;NA;NA;NA
378;NA;NA;NA
379;NA;NA;NA
380;NA;NA;NA
381;NA;NA;NA
382;NA;NA;NA
383;NA;NA;NA
384;NA;NA;NA
385;NA;NA;NA
386;NA;NA;NA
387;NA;NA;NA
388;NA;NA;NA
389;NA;NA;NA
390;NA;NA;NA
391;NA;NA;NA
392;NA;NA;NA
393;NA;NA;NA
394;NA;NA;NA
395;NA;NA;NA
396;NA;NA;NA
397;NA;NA;NA
398;NA;NA;NA
399;NA;NA;NA
400;NA;NA;NA
401;NA;NA;NA
402;NA;NA;NA
403;NA;NA;NA
404;NA;NA;NA
405;NA;NA;NA
406;NA;NA;NA
407;NA;NA;NA
408;NA;NA;NA
409;NA;NA;NA
410;NA;NA;NA
411;NA;NA;NA
412;NA;NA;NA
413;NA;NA;NA
414;NA;NA;NA
415;NA;NA;NA
416;NA;NA;NA
417;NA;NA;NA
418;NA;NA;NA
419;NA;NA;NA
420;NA;NA;NA
421;NA;NA;NA
422;NA;NA;NA
423;NA;NA;NA
424;NA;NA;NA
425;25;NA;NA
426;26;NA;NA
427;27;NA;NA
428;28;NA;NA
429;29;NA;NA
430;30;NA;NA
431;NA;NA;NA
432;NA;NA;NA
433;NA;NA;NA
434;NA;NA;NA
435;31;NA;NA
436;32;NA;NA
437;33;NA;NA
438;34;NA;NA
439;35;NA;NA
440;36;NA;NA
441;NA;NA;NA
442;NA;NA;NA
443;NA;NA;NA
444;37;NA;NA
445;NA;NA;NA
446;38;NA;NA
447;39;NA;100
448;40;NA;NA
449;41;100;100
450;42;100;100
451;NA;NA;NA
452;NA;NA;NA
453;NA;NA;NA
454;NA;NA;NA
455;NA;NA;NA
456;NA;NA;NA
457;NA;NA;NA
458;NA;NA;NA
459;NA;NA;NA
460;NA;NA;NA
461;NA;NA;NA
462;NA;NA;NA
463;NA;NA;NA
464;NA;NA;NA
465;NA;NA;NA
466;NA;NA;NA
467;NA;NA;NA
468;NA;NA;NA
469;NA;NA;NA
470;NA;NA;NA
471;NA;NA;NA
472;NA;NA;NA
473;NA;NA;NA
474;NA;NA;NA
475;NA;NA;NA
476;NA;NA;NA
477;NA;NA;NA
478;NA;NA;NA
479;NA;NA;NA
480;NA;NA;NA
481;NA;NA;NA
482;NA;NA;NA
483;NA;NA;NA
484;NA;NA;NA
485;NA;NA;NA
486;NA;NA;NA
487;NA;NA;NA
488;NA;NA;NA
489;NA;NA;NA
490;NA;NA;NA
491;NA;NA;NA
492;NA;NA;NA
493;NA;NA;NA
494;NA;NA;NA
495;NA;NA;NA
496;NA;NA;NA
497;NA;NA;NA
498;NA;NA;NA
499;NA;NA;NA
500;NA;NA;NA
501;NA;NA;NA
502;NA;NA;NA
503;NA;NA;NA
504;NA;NA;NA
505;NA;NA;NA
506;NA;NA;NA
507;NA;NA;NA
508;NA;NA;NA
509;NA;NA;NA
510;NA;NA;NA
511;NA;NA;NA
512;NA;NA;NA
513;NA;NA;NA
514;NA;NA;NA
515;NA;NA;NA
516;NA;NA;NA
517;NA;NA;NA
518;NA;NA;NA
519;NA;NA;NA
520;NA;NA;NA
521;NA;NA;NA
522;NA;NA;NA
523;NA;NA;NA
524;NA;NA;NA
525;NA;NA;NA
526;NA;NA;NA
527;NA;NA;NA
528;NA;NA;NA
529;NA;NA;NA
530;NA;NA;NA
531;NA;NA;NA
532;NA;NA;NA
533;NA;NA;NA
534;NA;NA;NA
535;NA;NA;NA
536;NA;NA;NA
537;NA;NA;NA
538;NA;NA;NA
539;NA;NA;NA
540;NA;NA;NA
541;NA;NA;NA
542;NA;NA;NA
543;NA;NA;NA
544;NA;NA;NA
545;NA;NA;NA
546;43;NA;NA
547;44;NA;NA
548;45;NA;NA
549;46;NA;NA
550;47;NA;NA
551;48;NA;NA
552;49;NA;NA
553;50;NA;NA
554;NA;NA;NA
555;51;NA;NA
556;52;NA;NA
557;53;NA;NA
558;54;NA;NA
559;55;NA;NA
560;56;NA;NA
561;NA;NA;NA
562;NA;NA;NA
563;NA;NA;NA
564;57;NA;NA
565;58;NA;NA
566;59;NA;NA
567;60;NA;100
568;61;100;100
569;62;100;100
570;63;NA;NA
571;NA;NA;NA
572;NA;NA;NA
573;NA;NA;NA
574;NA;NA;NA
575;NA;NA;NA
576;NA;NA;NA
577;NA;NA;NA
578;NA;NA;NA
579;NA;NA;NA
580;NA;NA;NA
581;NA;NA;NA
582;NA;NA;NA
583;NA;NA;NA
584;NA;NA;NA
585;NA;NA;NA
586;NA;NA;NA
587;NA;NA;NA
588;NA;NA;NA
589;NA;NA;NA
590;NA;NA;NA
591;NA;NA;NA
592;NA;NA;NA
593;NA;NA;NA
594;NA;NA;NA
595;NA;NA;NA
596;NA;NA;NA
597;NA;NA;NA
598;NA;NA;NA
599;NA;NA;NA
600;NA;NA;NA
601;NA;NA;NA
602;NA;NA;NA
603;NA;NA;NA
604;NA;NA;NA
605;NA;NA;NA
606;NA;NA;NA
607;NA;NA;NA
608;NA;NA;NA
609;NA;NA;NA
610;NA;NA;NA
611;NA;NA;NA
612;NA;NA;NA
613;NA;NA;NA
614;NA;NA;NA
615;NA;NA;NA
616;NA;NA;NA
617;NA;NA;NA
618;NA;NA;NA
619;NA;NA;NA
620;NA;NA;NA
621;NA;NA;NA
622;NA;NA;NA
623;NA;NA;NA
624;NA;NA;NA
625;NA;NA;NA
626;NA;NA;NA
627;NA;NA;NA
628;NA;NA;NA
629;NA;NA;NA
630;NA;NA;NA
631;NA;NA;NA
632;NA;NA;NA
633;NA;NA;NA
634;NA;NA;NA
635;NA;NA;NA
636;NA;NA;NA
637;NA;NA;NA
638;NA;NA;NA
639;NA;NA;NA
640;NA;NA;NA
641;NA;NA;NA
642;NA;NA;NA
643;NA;NA;NA
644;NA;NA;NA
645;NA;NA;NA
646;NA;NA;NA
647;NA;NA;NA
648;NA;NA;NA
649;NA;NA;NA
650;NA;NA;NA
651;NA;NA;NA
652;NA;NA;NA
653;NA;NA;NA
654;NA;NA;NA
655;NA;NA;NA
656;NA;NA;NA
657;NA;NA;NA
658;NA;NA;NA
659;NA;NA;NA
660;NA;NA;NA
661;NA;NA;NA
662;NA;NA;NA
663;NA;NA;NA
664;NA;NA;NA
665;64;NA;NA
666;65;NA;NA
667;66;NA;NA
668;67;NA;NA
669;68;NA;NA
670;69;NA;NA
671;70;NA;NA
672;71;NA;NA
673;72;NA;NA
674;73;NA;NA
675;74;NA;NA
676;75;NA;NA
677;76;NA;NA
678;77;NA;NA
679;78;NA;NA
680;79;NA;NA
681;80;NA;NA
682;81;NA;NA
683;82;NA;NA
684;NA;NA;NA
685;83;NA;NA
686;84;NA;NA
687;85;NA;NA
688;86;100;100
689;87;100;100
690;NA;NA;NA
691;NA;NA;NA
692;NA;NA;NA
693;NA;NA;NA
694;NA;NA;NA
695;NA;NA;NA
696;NA;NA;NA
697;NA;NA;NA
698;NA;NA;NA
699;NA;NA;NA
700;NA;NA;NA
701;NA;NA;NA
702;NA;NA;NA
703;NA;NA;NA
704;NA;NA;NA
705;NA;NA;NA
706;NA;NA;NA
707;NA;NA;NA
708;NA;NA;NA
709;NA;NA;NA
710;NA;NA;NA
711;NA;NA;NA
712;NA;NA;NA
713;NA;NA;NA
714;NA;NA;NA
715;NA;NA;NA
716;NA;NA;NA
717;NA;NA;NA
718;NA;NA;NA
719;NA;NA;NA
720;NA;NA;NA
721;NA;NA;NA
722;NA;NA;NA
723;NA;NA;NA
724;NA;NA;NA
725;NA;NA;NA
726;NA;NA;NA
727;NA;NA;NA
728;NA;NA;NA
729;NA;NA;NA
730;NA;NA;NA
731;NA;NA;NA
732;NA;NA;NA
733;NA;NA;NA
734;NA;NA;NA
735;NA;NA;NA
736;NA;NA;NA
737;NA;NA;NA
738;NA;NA;NA
739;NA;NA;NA
740;NA;NA;NA
741;NA;NA;NA
742;NA;NA;NA
743;NA;NA;NA
744;NA;NA;NA
745;NA;NA;NA
746;NA;NA;NA
747;NA;NA;NA
748;NA;NA;NA
749;NA;NA;NA
750;NA;NA;NA
751;NA;NA;NA
752;NA;NA;NA
753;NA;NA;NA
754;NA;NA;NA
755;NA;NA;NA
756;NA;NA;NA
757;NA;NA;NA
758;NA;NA;NA
759;NA;NA;NA
760;NA;NA;NA
761;NA;NA;NA
762;NA;NA;NA
763;NA;NA;NA
764;NA;NA;NA
765;NA;NA;NA
766;NA;NA;NA
767;NA;NA;NA
768;NA;NA;NA
769;NA;NA;NA
770;NA;NA;NA
771;NA;NA;NA
772;NA;NA;NA
773;NA;NA;NA
774;NA;NA;NA
775;NA;NA;NA
776;NA;NA;NA
777;NA;NA;NA
778;NA;NA;NA
779;NA;NA;NA
780;NA;NA;NA
781;NA;NA;NA
782;NA;NA;NA
783;NA;NA;NA
784;NA;NA;NA
785;NA;NA;NA
786;88;NA;NA
787;89;NA;NA
788;90;NA;NA
789;91;NA;NA
790;92;NA;NA
791;93;NA;NA
792;94;NA;NA
793;95;NA;NA
794;96;NA;NA
795;97;NA;NA
796;98;NA;NA
797;99;NA;NA
798;100;NA;NA
799;101;NA;NA
800;102;NA;NA
801;103;NA;NA
802;104;NA;NA
803;105;NA;NA
804;106;NA;NA
805;107;NA;NA
806;108;NA;100
807;109;NA;NA
808;110;100;100
809;111;100;100
810;NA;NA;NA
811;NA;NA;NA
812;NA;NA;NA
813;NA;NA;NA
814;NA;NA;NA
815;NA;NA;NA
816;NA;NA;NA
817;NA;NA;NA
818;NA;NA;NA
819;NA;NA;NA
820;NA;NA;NA
821;NA;NA;NA
822;NA;NA;NA
823;NA;NA;NA
824;NA;NA;NA
825;NA;NA;NA
826;NA;NA;NA
827;NA;NA;NA
828;NA;NA;NA
829;NA;NA;NA
830;NA;NA;NA
831;NA;NA;NA
832;NA;NA;NA
833;NA;NA;NA
834;NA;NA;NA
835;NA;NA;NA
836;NA;NA;NA
837;NA;NA;NA
838;NA;NA;NA
839;NA;NA;NA
840;NA;NA;NA
841;NA;NA;NA
842;NA;NA;NA
843;NA;NA;NA
844;NA;NA;NA
845;NA;NA;NA
846;NA;NA;NA
847;NA;NA;NA
848;NA;NA;NA
849;NA;NA;NA
850;NA;NA;NA
851;NA;NA;NA
852;NA;NA;NA
853;NA;NA;NA
854;NA;NA;NA
855;NA;NA;NA
856;NA;NA;NA
857;NA;NA;NA
858;NA;NA;NA
859;NA;NA;NA
860;NA;NA;NA
861;NA;NA;NA
862;NA;NA;NA
863;NA;NA;NA
864;NA;NA;NA
865;NA;NA;NA
866;NA;NA;NA
867;NA;NA;NA
868;NA;NA;NA
869;NA;NA;NA
870;NA;NA;NA
871;NA;NA;NA
872;NA;NA;NA
873;NA;NA;NA
874;NA;NA;NA
875;NA;NA;NA
876;NA;NA;NA
877;NA;NA;NA
878;NA;NA;NA
879;NA;NA;NA
880;NA;NA;NA
881;NA;NA;NA
882;NA;NA;NA
883;NA;NA;NA
884;NA;NA;NA
885;NA;NA;NA
886;NA;NA;NA
887;NA;NA;NA
888;NA;NA;NA
889;NA;NA;NA
890;NA;NA;NA
891;NA;NA;NA
892;NA;NA;NA
893;NA;NA;NA
894;NA;NA;NA
895;NA;NA;NA
896;NA;NA;NA
897;NA;NA;NA
898;NA;NA;NA
899;NA;NA;NA
900;NA;NA;NA
901;NA;NA;NA
902;112;NA;NA
903;113;NA;NA
904;NA;NA;NA
905;NA;NA;NA
906;NA;NA;NA
907;114;NA;NA
908;115;NA;NA
909;116;NA;NA
910;117;NA;NA
911;118;NA;NA
912;119;NA;NA
913;120;NA;NA
914;121;NA;NA
915;122;NA;NA
916;123;NA;NA
917;124;NA;NA
918;125;NA;NA
919;126;NA;NA
920;127;NA;NA
921;128;NA;NA
922;129;NA;NA
923;130;NA;NA
924;131;NA;NA
925;132;NA;NA
926;133;NA;NA
927;134;NA;NA
928;135;100;100
929;136;100;100
930;137;100;100
931;NA;NA;NA
932;NA;NA;NA
933;NA;NA;NA
934;NA;NA;NA
935;NA;NA;NA
936;NA;NA;NA
937;NA;NA;NA
938;NA;NA;NA
939;NA;NA;NA
940;NA;NA;NA
941;NA;NA;NA
942;NA;NA;NA
943;NA;NA;NA
944;NA;NA;NA
945;NA;NA;NA
946;NA;NA;NA
947;NA;NA;NA
948;NA;NA;NA
949;NA;NA;NA
950;NA;NA;NA
951;NA;NA;NA
952;NA;NA;NA
953;NA;NA;NA
954;NA;NA;NA
955;NA;NA;NA
956;NA;NA;NA
957;NA;NA;NA
958;NA;NA;NA
959;NA;NA;NA
960;NA;NA;NA
961;NA;NA;NA
962;NA;NA;NA
963;NA;NA;NA
964;NA;NA;NA
965;NA;NA;NA
966;NA;NA;NA
967;NA;NA;NA
968;NA;NA;NA
969;NA;NA;NA
970;NA;NA;NA
971;NA;NA;NA
972;NA;NA;NA
973;NA;NA;NA
974;NA;NA;NA
975;NA;NA;NA
976;NA;NA;NA
977;NA;NA;NA
978;NA;NA;NA
979;NA;NA;NA
980;NA;NA;NA
981;NA;NA;NA
982;NA;NA;NA
983;NA;NA;NA
984;NA;NA;NA
985;NA;NA;NA
986;NA;NA;NA
987;NA;NA;NA
988;NA;NA;NA
989;138;NA;NA
990;139;NA;NA
991;NA;NA;NA
992;NA;NA;NA
993;NA;NA;NA
994;NA;NA;NA
995;NA;NA;NA
996;NA;NA;NA
997;NA;NA;NA
998;NA;NA;NA
999;NA;NA;NA
1000;NA;NA;NA
1001;NA;NA;NA
1002;NA;NA;NA
1003;NA;NA;NA
1004;NA;NA;NA
1005;NA;NA;NA
1006;NA;NA;NA
1007;NA;NA;NA
1008;NA;NA;NA
1009;NA;NA;NA
1010;NA;NA;NA
1011;NA;NA;NA
1012;NA;NA;NA
1013;NA;NA;NA
1014;NA;NA;NA
1015;NA;NA;NA
1016;NA;NA;NA
1017;NA;NA;NA
1018;NA;NA;NA
1019;NA;NA;NA
1020;140;NA;NA
1021;141;NA;NA
1022;142;NA;NA
1023;143;NA;NA
1024;144;NA;NA
1025;NA;NA;NA
1026;145;NA;NA
1027;146;NA;NA
1028;147;NA;NA
1029;148;NA;NA
1030;149;NA;NA
1031;150;NA;NA
1032;151;NA;NA
1033;152;NA;NA
1034;153;NA;NA
1035;154;NA;NA
1036;155;NA;NA
1037;156;NA;NA
1038;157;NA;NA
1039;158;NA;NA
1040;159;NA;NA
1041;160;NA;NA
1042;161;NA;NA
1043;162;NA;NA
1044;163;NA;NA
1045;164;NA;100
1046;165;NA;NA
1047;166;NA;NA
1048;167;NA;100
1049;168;100;100
1050;169;NA;100
1051;170;NA;NA
1052;NA;NA;NA
1053;NA;NA;NA
1054;NA;NA;NA
1055;NA;NA;NA
1056;NA;NA;NA
1057;NA;NA;NA
1058;NA;NA;NA
1059;NA;NA;NA
1060;NA;NA;NA
1061;NA;NA;NA
1062;NA;NA;NA
1063;NA;NA;NA
1064;NA;NA;NA
1065;NA;NA;NA
1066;NA;NA;NA
1067;NA;NA;NA
1068;NA;NA;NA
1069;NA;NA;NA
1070;NA;NA;NA
1071;NA;NA;NA
1072;NA;NA;NA
1073;NA;NA;NA
1074;NA;NA;NA
1075;NA;NA;NA
1076;NA;NA;NA
1077;NA;NA;NA
1078;NA;NA;NA
1079;NA;NA;NA
1080;NA;NA;NA
1081;NA;NA;NA
1082;NA;NA;NA
1083;NA;NA;NA
1084;NA;NA;NA
1085;NA;NA;NA
1086;NA;NA;NA
1087;NA;NA;NA
1088;NA;NA;NA
1089;NA;NA;NA
1090;NA;NA;NA
1091;NA;NA;NA
1092;NA;NA;NA
1093;NA;NA;NA
1094;NA;NA;NA
1095;NA;NA;NA
1096;NA;NA;NA
1097;NA;NA;NA
1098;NA;NA;NA
1099;NA;NA;NA
1100;NA;NA;NA
1101;NA;NA;NA
1102;NA;NA;NA
1103;171;NA;NA
1104;172;NA;NA
1105;173;NA;NA
1106;NA;NA;NA
1107;174;NA;NA
1108;175;NA;NA
1109;176;NA;NA
1110;177;NA;NA
1111;NA;NA;NA
1112;NA;NA;NA
1113;NA;NA;NA
1114;NA;NA;NA
1115;NA;NA;NA
1116;NA;NA;NA
1117;NA;NA;NA
1118;NA;NA;NA
1119;NA;NA;NA
1120;NA;NA;NA
1121;NA;NA;NA
1122;NA;NA;NA
1123;NA;NA;NA
1124;NA;NA;NA
1125;NA;NA;NA
1126;NA;NA;NA
1127;NA;NA;NA
1128;NA;NA;NA
1129;NA;NA;NA
1130;NA;NA;NA
1131;NA;NA;NA
1132;NA;NA;NA
1133;NA;NA;NA
1134;NA;NA;NA
1135;NA;NA;NA
1136;NA;NA;NA
1137;NA;NA;NA
1138;NA;NA;NA
1139;NA;NA;NA
1140;178;NA;NA
1141;179;NA;NA
1142;180;NA;NA
1143;181;NA;NA
1144;182;NA;NA
1145;183;NA;NA
1146;184;NA;NA
1147;185;NA;NA
1148;186;NA;NA
1149;187;NA;NA
1150;188;NA;NA
1151;189;NA;NA
1152;190;NA;NA
1153;191;NA;NA
1154;192;NA;NA
1155;193;NA;NA
1156;194;NA;NA
1157;195;NA;NA
1158;196;NA;NA
1159;197;NA;NA
1160;198;NA;NA
1161;199;NA;NA
1162;200;NA;NA
1163;201;NA;NA
1164;202;NA;NA
1165;203;NA;NA
1166;204;NA;NA
1167;205;NA;100
1168;206;NA;NA
1169;207;NA;NA
1170;208;NA;NA
1171;209;NA;100
1172;NA;NA;NA
1173;NA;NA;NA
1174;NA;NA;NA
1175;NA;NA;NA
1176;NA;NA;NA
1177;NA;NA;NA
1178;NA;NA;NA
1179;NA;NA;NA
1180;NA;NA;NA
1181;NA;NA;NA
1182;NA;NA;NA
1183;NA;NA;NA
1184;NA;NA;NA
1185;NA;NA;NA
1186;NA;NA;NA
1187;NA;NA;NA
1188;NA;NA;NA
1189;NA;NA;NA
1190;NA;NA;NA
1191;NA;NA;NA
1192;NA;NA;NA
1193;NA;NA;NA
1194;NA;NA;NA
1195;NA;NA;NA
1196;NA;NA;NA
1197;NA;NA;NA
1198;NA;NA;NA
1199;NA;NA;NA
1200;NA;NA;NA
1201;NA;NA;NA
1202;NA;NA;NA
1203;NA;NA;NA
1204;NA;NA;NA
1205;NA;NA;NA
1206;NA;NA;NA
1207;NA;NA;NA
1208;NA;NA;NA
1209;NA;NA;NA
1210;NA;NA;NA
1211;NA;NA;NA
1212;NA;NA;NA
1213;NA;NA;NA
1214;NA;NA;NA
1215;NA;NA;NA
1216;NA;NA;NA
1217;NA;NA;NA
1218;NA;NA;NA
1219;NA;NA;NA
1220;NA;NA;NA
1221;NA;NA;NA
1222;NA;NA;NA
1223;210;NA;NA
1224;211;NA;NA
1225;212;NA;NA
1226;213;NA;NA
1227;214;NA;NA
1228;215;NA;NA
1229;216;NA;NA
1230;217;NA;NA
1231;NA;NA;NA
1232;NA;NA;NA
1233;NA;NA;NA
1234;NA;NA;NA
1235;NA;NA;NA
1236;NA;NA;NA
1237;NA;NA;NA
1238;NA;NA;NA
1239;NA;NA;NA
1240;NA;NA;NA
1241;NA;NA;NA
1242;NA;NA;NA
1243;NA;NA;NA
1244;NA;NA;NA
1245;NA;NA;NA
1246;NA;NA;NA
1247;NA;NA;NA
1248;NA;NA;NA
1249;NA;NA;NA
1250;NA;NA;NA
1251;NA;NA;NA
1252;NA;NA;NA
1253;NA;NA;NA
1254;NA;NA;NA
1255;NA;NA;NA
1256;NA;NA;NA
1257;NA;NA;NA
1258;NA;NA;NA
1259;218;NA;NA
1260;219;NA;NA
1261;220;NA;NA
1262;221;NA;NA
1263;222;NA;NA
1264;223;NA;NA
1265;224;NA;NA
1266;225;NA;NA
1267;226;NA;NA
1268;227;NA;NA
1269;228;NA;NA
1270;229;NA;NA
1271;230;NA;NA
1272;231;NA;NA
1273;232;NA;NA
1274;233;NA;NA
1275;234;NA;NA
1276;235;NA;NA
1277;236;NA;NA
1278;237;NA;NA
1279;238;NA;NA
1280;239;NA;NA
1281;240;NA;NA
1282;241;NA;NA
1283;242;NA;NA
1284;243;NA;NA
1285;244;NA;NA
1286;245;NA;NA
1287;246;NA;NA
1288;247;NA;NA
1289;248;NA;NA
1290;249;NA;NA
1291;250;NA;NA
1292;251;NA;NA
1293;252;NA;100
1294;253;100;100
1295;254;100;100
1296;NA;NA;NA
1297;NA;NA;NA
1298;NA;NA;NA
1299;NA;NA;NA
1300;NA;NA;NA
1301;NA;NA;NA
1302;NA;NA;NA
1303;NA;NA;NA
1304;NA;NA;NA
1305;NA;NA;NA
1306;NA;NA;NA
1307;NA;NA;NA
1308;NA;NA;NA
1309;NA;NA;NA
1310;NA;NA;NA
1311;NA;NA;NA
1312;NA;NA;NA
1313;NA;NA;NA
1314;NA;NA;NA
1315;NA;NA;NA
1316;NA;NA;NA
1317;NA;NA;NA
1318;NA;NA;NA
1319;NA;NA;NA
1320;NA;NA;NA
1321;NA;NA;NA
1322;NA;NA;NA
1323;NA;NA;NA
1324;NA;NA;NA
1325;NA;NA;NA
1326;NA;NA;NA
1327;NA;NA;NA
1328;NA;NA;NA
1329;NA;NA;NA
1330;NA;NA;NA
1331;NA;NA;NA
1332;NA;NA;NA
1333;NA;NA;NA
1334;NA;NA;NA
1335;NA;NA;NA
1336;NA;NA;NA
1337;NA;NA;NA
1338;NA;NA;NA
1339;NA;NA;NA
1340;NA;NA;NA
1341;255;NA;NA
1342;256;NA;NA
1343;257;NA;NA
1344;258;NA;NA
1345;259;NA;NA
1346;260;NA;NA
1347;261;NA;NA
1348;262;NA;NA
1349;263;NA;NA
1350;NA;NA;NA
1351;NA;NA;NA
1352;NA;NA;NA
1353;NA;NA;NA
1354;NA;NA;NA
1355;NA;NA;NA
1356;NA;NA;NA
1357;NA;NA;NA
1358;NA;NA;NA
1359;NA;NA;NA
1360;NA;NA;NA
1361;NA;NA;NA
1362;NA;NA;NA
1363;NA;NA;NA
1364;NA;NA;NA
1365;NA;NA;NA
1366;NA;NA;NA
1367;NA;NA;NA
1368;NA;NA;NA
1369;NA;NA;NA
1370;NA;NA;NA
1371;NA;NA;NA
1372;NA;NA;NA
1373;NA;NA;NA
1374;NA;NA;NA
1375;NA;NA;NA
1376;NA;NA;NA
1377;NA;NA;NA
1378;264;NA;NA
1379;265;NA;NA
1380;266;NA;NA
1381;267;NA;NA
1382;268;NA;NA
1383;269;NA;NA
1384;270;NA;NA
1385;271;NA;NA
1386;272;NA;NA
1387;273;NA;NA
1388;274;NA;NA
1389;275;NA;NA
1390;276;NA;NA
1391;277;NA;NA
1392;278;NA;NA
1393;279;NA;NA
1394;280;NA;NA
1395;281;NA;NA
1396;282;NA;NA
1397;283;NA;NA
1398;284;NA;NA
1399;285;NA;NA
1400;286;NA;NA
1401;287;NA;NA
1402;288;NA;NA
1403;289;NA;NA
1404;290;NA;NA
1405;291;NA;NA
1406;292;NA;NA
1407;293;NA;NA
1408;294;NA;NA
1409;295;NA;100
1410;296;NA;NA
1411;297;NA;100
1412;298;100;100
1413;299;100;100
1414;300;100;100
1415;301;100;100
1416;NA;NA;NA
1417;NA;NA;NA
1418;NA;NA;NA
1419;NA;NA;NA
1420;NA;NA;NA
1421;NA;NA;NA
1422;NA;NA;NA
1423;302;NA;NA
1424;303;NA;NA
1425;304;NA;100
1426;NA;NA;NA
1427;NA;NA;NA
1428;NA;NA;NA
1429;NA;NA;NA
1430;NA;NA;NA
1431;NA;NA;NA
1432;NA;NA;NA
1433;NA;NA;NA
1434;NA;NA;NA
1435;NA;NA;NA
1436;NA;NA;NA
1437;NA;NA;NA
1438;NA;NA;NA
1439;NA;NA;NA
1440;NA;NA;NA
1441;NA;NA;NA
1442;NA;NA;NA
1443;NA;NA;NA
1444;NA;NA;NA
1445;NA;NA;NA
1446;NA;NA;NA
1447;NA;NA;NA
1448;NA;NA;NA
1449;NA;NA;NA
1450;NA;NA;NA
1451;NA;NA;NA
1452;NA;NA;NA
1453;NA;NA;NA
1454;NA;NA;NA
1455;NA;NA;NA
1456;NA;NA;NA
1457;NA;NA;NA
1458;NA;NA;NA
1459;305;NA;NA
1460;306;NA;NA
1461;307;NA;NA
1462;308;NA;NA
1463;309;NA;NA
1464;310;NA;NA
1465;311;NA;NA
1466;312;NA;NA
1467;313;NA;NA
1468;314;NA;NA
1469;315;NA;NA
1470;316;NA;NA
1471;NA;NA;NA
1472;NA;NA;NA
1473;NA;NA;NA
1474;NA;NA;NA
1475;NA;NA;NA
1476;NA;NA;NA
1477;317;NA;NA
1478;318;NA;NA
1479;319;NA;NA
1480;NA;NA;NA
1481;NA;NA;NA
1482;NA;NA;NA
1483;NA;NA;NA
1484;NA;NA;NA
1485;NA;NA;NA
1486;NA;NA;NA
1487;NA;NA;NA
1488;NA;NA;NA
1489;NA;NA;NA
1490;NA;NA;NA
1491;NA;NA;NA
1492;NA;NA;NA
1493;NA;NA;NA
1494;NA;NA;NA
1495;NA;NA;NA
1496;NA;NA;NA
1497;320;NA;NA
1498;321;NA;NA
1499;322;NA;NA
1500;323;NA;NA
1501;324;NA;NA
1502;325;NA;NA
1503;326;NA;NA
1504;327;NA;NA
1505;328;NA;NA
1506;329;NA;NA
1507;330;NA;NA
1508;331;NA;NA
1509;332;NA;NA
1510;333;NA;NA
1511;334;NA;NA
1512;335;NA;NA
1513;336;NA;NA
1514;337;NA;NA
1515;338;NA;NA
1516;339;NA;NA
1517;340;NA;NA
1518;341;NA;NA
1519;342;NA;NA
1520;343;NA;NA
1521;344;NA;NA
1522;345;NA;NA
1523;346;NA;NA
1524;347;NA;NA
1525;348;NA;NA
1526;349;NA;NA
1527;350;NA;NA
1528;351;NA;NA
1529;352;NA;NA
1530;353;NA;NA
1531;354;NA;NA
1532;355;100;100
1533;356;100;100
1534;357;NA;100
1535;358;NA;100
1536;NA;NA;NA
1537;NA;NA;NA
1538;NA;NA;NA
1539;359;100;100
1540;360;NA;NA
1541;NA;NA;NA
1542;361;NA;NA
1543;362;NA;100
1544;363;NA;100
1545;364;NA;100
1546;365;NA;NA
1547;NA;NA;NA
1548;NA;NA;NA
1549;NA;NA;NA
1550;NA;NA;NA
1551;NA;NA;NA
1552;NA;NA;NA
1553;NA;NA;NA
1554;NA;NA;NA
1555;NA;NA;NA
1556;NA;NA;NA
1557;NA;NA;NA
1558;NA;NA;NA
1559;NA;NA;NA
1560;NA;NA;NA
1561;NA;NA;NA
1562;NA;NA;NA
1563;NA;NA;NA
1564;NA;NA;NA
1565;NA;NA;NA
1566;NA;NA;NA
1567;NA;NA;NA
1568;NA;NA;NA
1569;NA;NA;NA
1570;NA;NA;NA
1571;NA;NA;NA
1572;NA;NA;NA
1573;NA;NA;NA
1574;NA;NA;NA
1575;NA;NA;NA
1576;NA;NA;NA
1577;NA;NA;NA
1578;366;NA;NA
1579;367;NA;NA
1580;368;NA;NA
1581;369;NA;NA
1582;370;NA;NA
1583;371;NA;NA
1584;372;NA;NA
1585;373;NA;NA
1586;374;NA;NA
1587;375;NA;NA
1588;376;NA;NA
1589;377;NA;NA
1590;378;NA;NA
1591;NA;NA;NA
1592;NA;NA;NA
1593;NA;NA;NA
1594;NA;NA;NA
1595;379;NA;NA
1596;380;NA;NA
1597;381;NA;NA
1598;382;NA;NA
1599;383;NA;NA
1600;384;NA;NA
1601;385;NA;NA
1602;386;NA;NA
1603;NA;NA;NA
1604;NA;NA;NA
1605;NA;NA;NA
1606;NA;NA;NA
1607;NA;NA;NA
1608;NA;NA;NA
1609;NA;NA;NA
1610;NA;NA;NA
1611;NA;NA;NA
1612;NA;NA;NA
1613;NA;NA;NA
1614;NA;NA;NA
1615;NA;NA;NA
1616;387;NA;NA
1617;388;NA;NA
1618;389;NA;NA
1619;390;NA;NA
1620;391;NA;NA
1621;392;NA;NA
1622;393;NA;NA
1623;394;NA;NA
1624;395;NA;NA
1625;396;NA;NA
1626;397;NA;NA
1627;398;NA;NA
1628;399;NA;NA
1629;400;NA;NA
1630;401;NA;NA
1631;402;NA;NA
1632;403;NA;NA
1633;404;NA;NA
1634;405;NA;NA
1635;406;NA;NA
1636;407;NA;NA
1637;408;NA;NA
1638;409;NA;NA
1639;410;NA;NA
1640;411;NA;NA
1641;412;NA;NA
1642;413;NA;NA
1643;414;NA;NA
1644;415;NA;NA
1645;416;NA;NA
1646;417;NA;NA
1647;418;NA;NA
1648;419;NA;NA
1649;420;NA;NA
1650;421;NA;NA
1651;422;NA;NA
1652;423;100;100
1653;424;100;100
1654;425;100;100
1655;426;100;100
1656;427;100;100
1657;428;100;100
1658;429;NA;NA
1659;430;NA;100
1660;431;NA;NA
1661;432;100;100
1662;433;100;100
1663;434;NA;NA
1664;435;NA;NA
1665;436;NA;NA
1666;437;NA;NA
1667;NA;NA;NA
1668;NA;NA;NA
1669;NA;NA;NA
1670;NA;NA;NA
1671;NA;NA;NA
1672;NA;NA;NA
1673;NA;NA;NA
1674;NA;NA;NA
1675;NA;NA;NA
1676;NA;NA;NA
1677;NA;NA;NA
1678;NA;NA;NA
1679;NA;NA;NA
1680;NA;NA;NA
1681;NA;NA;NA
1682;NA;NA;NA
1683;NA;NA;NA
1684;NA;NA;NA
1685;NA;NA;NA
1686;NA;NA;NA
1687;NA;NA;NA
1688;NA;NA;NA
1689;NA;NA;NA
1690;NA;NA;NA
1691;NA;NA;NA
1692;NA;NA;NA
1693;NA;NA;NA
1694;NA;NA;NA
1695;NA;NA;NA
1696;438;NA;NA
1697;439;NA;NA
1698;440;NA;NA
1699;441;NA;NA
1700;442;NA;NA
1701;443;NA;NA
1702;444;NA;NA
1703;445;NA;NA
1704;446;NA;NA
1705;447;NA;NA
1706;448;NA;NA
1707;449;NA;NA
1708;450;NA;NA
1709;451;NA;NA
1710;452;NA;NA
1711;453;NA;NA
1712;NA;NA;NA
1713;NA;NA;NA
1714;NA;NA;NA
1715;454;NA;NA
1716;455;NA;NA
1717;456;NA;NA
1718;457;NA;NA
1719;458;NA;NA
1720;459;NA;NA
1721;460;NA;NA
1722;461;NA;NA
1723;462;NA;NA
1724;463;NA;NA
1725;NA;NA;NA
1726;NA;NA;NA
1727;NA;NA;NA
1728;NA;NA;NA
1729;NA;NA;NA
1730;NA;NA;NA
1731;NA;NA;NA
1732;NA;NA;NA
1733;NA;NA;NA
1734;NA;NA;NA
1735;464;NA;NA
1736;465;NA;NA
1737;466;NA;NA
1738;467;NA;NA
1739;468;NA;NA
1740;469;NA;NA
1741;470;NA;NA
1742;471;NA;NA
1743;472;NA;NA
1744;473;NA;NA
1745;474;NA;NA
1746;475;NA;NA
1747;476;NA;NA
1748;477;NA;NA
1749;478;NA;NA
1750;479;NA;NA
1751;480;NA;NA
1752;481;NA;NA
1753;482;NA;NA
1754;483;NA;NA
1755;484;NA;NA
1756;485;NA;NA
1757;486;NA;NA
1758;487;NA;NA
1759;488;NA;NA
1760;489;NA;NA
1761;490;NA;NA
1762;491;NA;NA
1763;492;NA;NA
1764;493;NA;NA
1765;494;NA;NA
1766;495;NA;NA
1767;496;NA;NA
1768;497;NA;NA
1769;498;NA;100
1770;499;NA;NA
1771;500;NA;NA
1772;501;NA;NA
1773;502;100;100
1774;503;100;100
1775;504;100;100
1776;505;NA;100
1777;506;NA;100
1778;507;NA;NA
1779;508;NA;NA
1780;509;NA;NA
1781;510;NA;NA
1782;511;NA;NA
1783;512;NA;NA
1784;513;NA;100
1785;514;NA;NA
1786;515;NA;NA
1787;NA;NA;NA
1788;NA;NA;NA
1789;NA;NA;NA
1790;NA;NA;NA
1791;NA;NA;NA
1792;NA;NA;NA
1793;NA;NA;NA
1794;NA;NA;NA
1795;NA;NA;NA
1796;NA;NA;NA
1797;NA;NA;NA
1798;NA;NA;NA
1799;NA;NA;NA
1800;NA;NA;NA
1801;NA;NA;NA
1802;NA;NA;NA
1803;NA;NA;NA
1804;NA;NA;NA
1805;NA;NA;NA
1806;NA;NA;NA
1807;NA;NA;NA
1808;NA;NA;NA
1809;NA;NA;NA
1810;NA;NA;NA
1811;NA;NA;NA
1812;NA;NA;NA
1813;NA;NA;NA
1814;NA;NA;NA
1815;516;NA;NA
1816;517;NA;NA
1817;518;NA;NA
1818;519;NA;NA
1819;520;NA;NA
1820;521;NA;NA
1821;522;NA;NA
1822;523;NA;NA
1823;524;NA;NA
1824;525;NA;NA
1825;526;NA;NA
1826;527;NA;NA
1827;528;NA;NA
1828;529;NA;NA
1829;530;NA;NA
1830;531;NA;NA
1831;532;NA;NA
1832;533;NA;NA
1833;534;NA;NA
1834;535;NA;NA
1835;536;NA;NA
1836;537;NA;NA
1837;538;NA;NA
1838;539;NA;NA
1839;540;NA;NA
1840;541;NA;NA
1841;542;NA;NA
1842;543;NA;NA
1843;544;NA;NA
1844;545;NA;NA
1845;NA;NA;NA
1846;NA;NA;NA
1847;NA;NA;NA
1848;NA;NA;NA
1849;NA;NA;NA
1850;NA;NA;NA
1851;NA;NA;NA
1852;546;NA;NA
1853;547;NA;NA
1854;548;NA;NA
1855;549;NA;NA
1856;550;NA;NA
1857;551;NA;NA
1858;552;NA;NA
1859;553;NA;NA
1860;554;NA;NA
1861;555;NA;NA
1862;556;NA;NA
1863;557;NA;NA
1864;558;NA;NA
1865;559;NA;NA
1866;560;NA;NA
1867;561;NA;NA
1868;562;NA;NA
1869;563;NA;NA
1870;564;NA;NA
1871;565;NA;NA
1872;566;NA;NA
1873;567;NA;NA
1874;568;NA;NA
1875;569;NA;NA
1876;570;NA;NA
1877;571;NA;NA
1878;572;NA;NA
1879;573;NA;NA
1880;574;NA;NA
1881;575;NA;NA
1882;576;NA;NA
1883;577;NA;NA
1884;578;NA;NA
1885;579;NA;NA
1886;580;NA;NA
1887;581;NA;NA
1888;582;NA;NA
1889;583;NA;NA
1890;584;NA;NA
1891;585;NA;NA
1892;586;NA;NA
1893;587;NA;100
1894;588;NA;100
1895;589;NA;NA
1896;590;NA;NA
1897;591;NA;100
1898;592;100;100
1899;593;NA;100
1900;594;NA;100
1901;595;NA;NA
1902;596;NA;NA
1903;597;NA;NA
1904;598;100;100
1905;599;NA;NA
1906;600;NA;100
1907;601;NA;100
1908;602;NA;NA
1909;NA;NA;NA
1910;NA;NA;NA
1911;NA;NA;NA
1912;NA;NA;NA
1913;NA;NA;NA
1914;NA;NA;NA
1915;NA;NA;NA
1916;NA;NA;NA
1917;NA;NA;NA
1918;NA;NA;NA
1919;NA;NA;NA
1920;NA;NA;NA
1921;NA;NA;NA
1922;NA;NA;NA
1923;NA;NA;NA
1924;NA;NA;NA
1925;NA;NA;NA
1926;NA;NA;NA
1927;NA;NA;NA
1928;NA;NA;NA
1929;NA;NA;NA
1930;NA;NA;NA
1931;NA;NA;NA
1932;NA;NA;NA
1933;603;NA;NA
1934;604;NA;NA
1935;605;NA;NA
1936;606;NA;NA
1937;607;NA;NA
1938;608;NA;NA
1939;609;NA;NA
1940;610;NA;NA
1941;611;NA;NA
1942;612;NA;NA
1943;613;NA;NA
1944;614;NA;NA
1945;615;NA;NA
1946;616;NA;NA
1947;617;NA;NA
1948;618;NA;NA
1949;619;NA;NA
1950;620;NA;NA
1951;621;NA;NA
1952;622;NA;NA
1953;623;NA;NA
1954;624;NA;NA
1955;625;NA;NA
1956;626;NA;NA
1957;627;NA;NA
1958;628;NA;NA
1959;629;NA;NA
1960;630;NA;NA
1961;631;NA;NA
1962;632;NA;NA
1963;633;NA;NA
1964;634;NA;NA
1965;NA;NA;NA
1966;NA;NA;NA
1967;NA;NA;NA
1968;635;NA;NA
1969;NA;NA;NA
1970;NA;NA;NA
1971;636;NA;NA
1972;637;NA;NA
1973;638;NA;NA
1974;639;NA;NA
1975;640;NA;NA
1976;641;NA;NA
1977;642;NA;NA
1978;643;NA;NA
1979;644;NA;NA
1980;645;NA;NA
1981;646;NA;NA
1982;647;NA;NA
1983;648;NA;NA
1984;649;NA;NA
1985;650;NA;NA
1986;651;NA;NA
1987;652;NA;NA
1988;653;NA;NA
1989;654;NA;NA
1990;655;NA;NA
1991;656;NA;NA
1992;657;NA;NA
1993;658;NA;NA
1994;659;NA;NA
1995;660;NA;NA
1996;661;NA;NA
1997;662;NA;NA
1998;663;NA;NA
1999;664;NA;NA
2000;665;NA;NA
2001;666;NA;NA
2002;667;NA;NA
2003;668;NA;NA
2004;669;NA;NA
2005;670;NA;NA
2006;671;NA;NA
2007;672;NA;NA
2008;673;NA;NA
2009;674;NA;NA
2010;675;NA;NA
2011;676;NA;NA
2012;677;NA;NA
2013;678;NA;NA
2014;679;NA;100
2015;680;NA;NA
2016;681;NA;NA
2017;682;NA;100
2018;683;NA;NA
2019;684;100;100
2020;685;NA;NA
2021;686;NA;NA
2022;687;NA;NA
2023;688;NA;100
2024;689;100;100
2025;690;NA;NA
2026;691;100;100
2027;692;NA;NA
2028;693;100;100
2029;694;100;100
2030;NA;NA;NA
2031;NA;NA;NA
2032;NA;NA;NA
2033;NA;NA;NA
2034;NA;NA;NA
2035;NA;NA;NA
2036;NA;NA;NA
2037;NA;NA;NA
2038;NA;NA;NA
2039;NA;NA;NA
2040;NA;NA;NA
2041;NA;NA;NA
2042;NA;NA;NA
2043;NA;NA;NA
2044;NA;NA;NA
2045;NA;NA;NA
2046;NA;NA;NA
2047;NA;NA;NA
2048;NA;NA;NA
2049;NA;NA;NA
2050;NA;NA;NA
2051;NA;NA;NA
2052;695;NA;NA
2053;696;NA;NA
2054;697;NA;NA
2055;698;NA;NA
2056;699;NA;NA
2057;700;NA;NA
2058;701;NA;NA
2059;702;NA;NA
2060;703;NA;NA
2061;704;NA;NA
2062;705;NA;NA
2063;706;NA;NA
2064;707;NA;NA
2065;708;NA;NA
2066;709;NA;NA
2067;710;NA;NA
2068;711;NA;NA
2069;712;NA;NA
2070;713;NA;NA
2071;714;NA;NA
2072;715;NA;NA
2073;716;NA;NA
2074;717;NA;NA
2075;718;NA;NA
2076;719;NA;NA
2077;720;NA;NA
2078;721;NA;NA
2079;722;NA;NA
2080;723;NA;NA
2081;724;NA;NA
2082;725;NA;NA
2083;726;NA;NA
2084;727;NA;NA
2085;728;NA;NA
2086;729;NA;NA
2087;730;NA;NA
2088;731;NA;NA
2089;732;NA;NA
2090;733;NA;NA
2091;734;NA;NA
2092;735;NA;NA
2093;736;NA;NA
2094;737;NA;NA
2095;738;NA;NA
2096;739;NA;NA
2097;740;NA;NA
2098;741;NA;NA
2099;742;NA;NA
2100;743;NA;NA
2101;744;NA;NA
2102;745;NA;NA
2103;746;NA;NA
2104;747;NA;NA
2105;748;NA;NA
2106;749;NA;NA
2107;750;NA;NA
2108;751;NA;NA
2109;752;NA;NA
2110;753;NA;NA
2111;754;NA;NA
2112;755;NA;NA
2113;756;NA;NA
2114;757;NA;NA
2115;758;NA;NA
2116;759;NA;NA
2117;760;NA;NA
2118;761;NA;NA
2119;762;NA;NA
2120;763;NA;NA
2121;764;NA;NA
2122;765;NA;NA
2123;766;NA;NA
2124;767;NA;NA
2125;768;NA;NA
2126;769;NA;NA
2127;770;NA;NA
2128;771;NA;NA
2129;772;NA;NA
2130;773;NA;NA
2131;774;NA;NA
2132;775;NA;NA
2133;776;NA;NA
2134;777;NA;100
2135;778;NA;NA
2136;779;NA;NA
2137;780;NA;100
2138;781;100;100
2139;782;100;100
2140;783;100;100
2141;784;NA;NA
2142;785;NA;100
2143;786;NA;NA
2144;787;NA;NA
2145;788;NA;100
2146;789;NA;NA
2147;790;NA;NA
2148;791;NA;NA
2149;792;NA;NA
2150;793;100;100
2151;794;100;100
2152;795;NA;NA
2153;796;NA;NA
2154;797;NA;NA
2155;NA;NA;NA
2156;NA;NA;NA
2157;NA;NA;NA
2158;NA;NA;NA
2159;NA;NA;NA
2160;NA;NA;NA
2161;NA;NA;NA
2162;NA;NA;NA
2163;NA;NA;NA
2164;NA;NA;NA
2165;NA;NA;NA
2166;NA;NA;NA
2167;NA;NA;NA
2168;NA;NA;NA
2169;NA;NA;NA
2170;798;NA;NA
2171;799;NA;NA
2172;800;NA;NA
2173;801;NA;NA
2174;802;NA;NA
2175;803;NA;NA
2176;804;NA;NA
2177;805;NA;NA
2178;806;NA;NA
2179;807;NA;NA
2180;808;NA;NA
2181;809;NA;NA
2182;810;NA;NA
2183;811;NA;NA
2184;812;NA;NA
2185;813;NA;NA
2186;814;NA;NA
2187;815;NA;NA
2188;816;NA;NA
2189;817;NA;NA
2190;818;NA;NA
2191;819;NA;NA
2192;820;NA;NA
2193;821;NA;NA
2194;822;NA;NA
2195;823;NA;NA
2196;824;NA;NA
2197;825;NA;NA
2198;826;NA;NA
2199;827;NA;NA
2200;828;NA;NA
2201;829;NA;NA
2202;830;NA;NA
2203;831;NA;NA
2204;832;NA;NA
2205;833;NA;NA
2206;834;NA;NA
2207;835;NA;NA
2208;836;NA;NA
2209;837;NA;NA
2210;838;NA;NA
2211;839;NA;NA
2212;840;NA;NA
2213;841;NA;NA
2214;842;NA;NA
2215;843;NA;NA
2216;844;NA;NA
2217;845;NA;NA
2218;846;NA;NA
2219;847;NA;NA
2220;848;NA;NA
2221;849;NA;NA
2222;850;NA;NA
2223;851;NA;NA
2224;852;NA;NA
2225;853;NA;NA
2226;854;NA;NA
2227;855;NA;NA
2228;856;NA;NA
2229;857;NA;NA
2230;858;NA;NA
2231;859;NA;NA
2232;860;NA;NA
2233;861;NA;NA
2234;862;NA;NA
2235;863;NA;NA
2236;864;NA;NA
2237;865;NA;NA
2238;866;NA;NA
2239;867;NA;NA
2240;868;NA;NA
2241;869;NA;NA
2242;870;NA;NA
2243;871;NA;NA
2244;872;NA;NA
2245;873;NA;NA
2246;874;NA;NA
2247;875;NA;NA
2248;876;NA;NA
2249;877;NA;NA
2250;878;NA;NA
2251;879;NA;NA
2252;880;NA;NA
2253;881;NA;NA
2254;882;NA;NA
2255;883;NA;NA
2256;884;NA;NA
2257;885;100;100
2258;886;100;100
2259;887;100;100
2260;888;100;100
2261;889;100;100
2262;890;100;100
2263;891;NA;NA
2264;892;NA;100
2265;893;NA;100
2266;894;100;100
2267;895;NA;NA
2268;896;NA;NA
2269;897;NA;NA
2270;898;100;100
2271;899;100;100
2272;900;100;100
2273;901;100;100
2274;902;NA;NA
2275;903;NA;NA
2276;904;NA;NA
2277;NA;NA;NA
2278;NA;NA;NA
2279;NA;NA;NA
2280;NA;NA;NA
2281;NA;NA;NA
2282;NA;NA;NA
2283;NA;NA;NA
2284;NA;NA;NA
2285;NA;NA;NA
2286;NA;NA;NA
2287;NA;NA;NA
2288;NA;NA;NA
2289;905;NA;NA
2290;906;NA;NA
2291;907;NA;NA
2292;908;NA;NA
2293;909;NA;NA
2294;910;NA;NA
2295;911;NA;NA
2296;912;NA;NA
2297;913;NA;NA
2298;914;NA;NA
2299;915;NA;NA
2300;916;NA;NA
2301;917;NA;NA
2302;918;NA;NA
2303;919;NA;NA
2304;920;NA;NA
2305;921;NA;NA
2306;922;NA;NA
2307;923;NA;NA
2308;924;NA;NA
2309;925;NA;NA
2310;926;NA;NA
2311;927;NA;NA
2312;928;NA;NA
2313;929;NA;NA
2314;930;NA;NA
2315;931;NA;NA
2316;932;NA;NA
2317;933;NA;NA
2318;934;NA;NA
2319;935;NA;NA
2320;936;NA;NA
2321;937;NA;NA
2322;938;NA;NA
2323;939;NA;NA
2324;940;NA;NA
2325;941;NA;NA
2326;942;NA;NA
2327;943;NA;NA
2328;944;NA;NA
2329;945;NA;NA
2330;946;NA;NA
2331;947;NA;NA
2332;948;NA;NA
2333;949;NA;NA
2334;950;NA;NA
2335;951;NA;NA
2336;952;NA;NA
2337;953;NA;NA
2338;954;NA;NA
2339;955;NA;NA
2340;956;NA;NA
2341;957;NA;NA
2342;958;NA;NA
2343;959;NA;NA
2344;960;NA;NA
2345;961;NA;NA
2346;962;NA;NA
2347;963;NA;NA
2348;964;NA;NA
2349;965;NA;NA
2350;966;NA;NA
2351;967;NA;NA
2352;968;NA;NA
2353;969;NA;NA
2354;970;NA;NA
2355;971;NA;NA
2356;972;NA;NA
2357;973;NA;NA
2358;974;NA;NA
2359;975;NA;NA
2360;976;NA;NA
2361;977;NA;NA
2362;978;NA;NA
2363;979;NA;NA
2364;980;NA;NA
2365;981;NA;NA
2366;982;NA;NA
2367;983;NA;NA
2368;984;NA;NA
2369;985;NA;NA
2370;986;NA;NA
2371;987;NA;NA
2372;988;NA;NA
2373;989;NA;NA
2374;990;NA;NA
2375;991;NA;NA
2376;992;100;100
2377;993;100;100
2378;994;100;100
2379;995;100;100
2380;996;NA;100
2381;997;NA;NA
2382;998;NA;100
2383;999;NA;NA
2384;1000;NA;NA
2385;1001;NA;100
2386;1002;100;100
2387;1003;NA;NA
2388;1004;NA;NA
2389;1005;NA;NA
2390;1006;NA;100
2391;1007;100;100
2392;1008;100;100
2393;1009;NA;NA
2394;1010;NA;NA
2395;1011;NA;NA
2396;1012;NA;100
2397;NA;NA;NA
2398;NA;NA;NA
2399;NA;NA;NA
2400;NA;NA;NA
2401;NA;NA;NA
2402;NA;NA;NA
2403;NA;NA;NA
2404;NA;NA;NA
2405;NA;NA;NA
2406;NA;NA;NA
2407;1013;NA;NA
2408;1014;NA;NA
2409;1015;NA;NA
2410;1016;NA;NA
2411;1017;NA;NA
2412;1018;NA;NA
2413;1019;NA;NA
2414;1020;NA;NA
2415;1021;NA;NA
2416;1022;NA;NA
2417;1023;NA;NA
2418;1024;NA;NA
2419;1025;NA;NA
2420;1026;NA;NA
2421;1027;NA;NA
2422;1028;NA;NA
2423;1029;NA;NA
2424;1030;NA;NA
2425;1031;NA;NA
2426;1032;NA;NA
2427;1033;NA;NA
2428;1034;NA;NA
2429;1035;NA;NA
2430;1036;NA;NA
2431;1037;NA;NA
2432;1038;NA;NA
2433;1039;NA;NA
2434;1040;NA;NA
2435;1041;NA;NA
2436;1042;NA;NA
2437;1043;NA;NA
2438;1044;NA;NA
2439;1045;NA;NA
2440;1046;NA;NA
2441;1047;NA;NA
2442;1048;NA;NA
2443;1049;NA;NA
2444;1050;NA;NA
2445;1051;NA;NA
2446;1052;NA;NA
2447;1053;NA;NA
2448;1054;NA;NA
2449;1055;NA;NA
2450;1056;NA;NA
2451;1057;NA;NA
2452;1058;NA;NA
2453;1059;NA;NA
2454;1060;NA;NA
2455;1061;NA;NA
2456;1062;NA;NA
2457;1063;NA;NA
2458;1064;NA;NA
2459;1065;NA;NA
2460;1066;NA;NA
2461;1067;NA;NA
2462;1068;NA;NA
2463;1069;NA;NA
2464;1070;NA;NA
2465;1071;NA;NA
2466;1072;NA;NA
2467;1073;NA;NA
2468;1074;NA;NA
2469;1075;NA;NA
2470;1076;NA;NA
2471;1077;NA;NA
2472;1078;NA;NA
2473;1079;NA;NA
2474;1080;NA;NA
2475;1081;NA;NA
2476;1082;NA;NA
2477;1083;NA;NA
2478;1084;NA;NA
2479;1085;NA;NA
2480;1086;NA;NA
2481;1087;NA;NA
2482;1088;NA;NA
2483;1089;NA;NA
2484;1090;NA;NA
2485;1091;NA;NA
2486;1092;NA;NA
2487;1093;NA;NA
2488;1094;NA;NA
2489;1095;NA;NA
2490;1096;NA;NA
2491;1097;NA;NA
2492;1098;NA;NA
2493;1099;NA;NA
2494;1100;NA;100
2495;1101;NA;100
2496;1102;100;100
2497;1103;NA;100
2498;1104;NA;100
2499;1105;NA;100
2500;1106;NA;NA
2501;1107;NA;NA
2502;1108;NA;NA
2503;1109;NA;NA
2504;1110;NA;NA
2505;1111;NA;NA
2506;1112;NA;NA
2507;1113;NA;100
2508;1114;NA;NA
2509;1115;NA;NA
2510;1116;NA;NA
2511;1117;100;100
2512;1118;100;100
2513;1119;100;100
2514;1120;NA;NA
2515;1121;NA;100
2516;NA;NA;NA
2517;NA;NA;NA
2518;NA;NA;NA
2519;NA;NA;NA
2520;NA;NA;NA
2521;NA;NA;NA
2522;NA;NA;NA
2523;NA;NA;NA
2524;NA;NA;NA
2525;1122;NA;NA
2526;1123;NA;NA
2527;1124;NA;NA
2528;1125;NA;NA
2529;1126;NA;NA
2530;1127;NA;NA
2531;1128;NA;NA
2532;1129;NA;NA
2533;1130;NA;NA
2534;1131;NA;NA
2535;1132;NA;NA
2536;1133;NA;NA
2537;1134;NA;NA
2538;1135;NA;NA
2539;1136;NA;NA
2540;1137;NA;NA
2541;1138;NA;NA
2542;1139;NA;NA
2543;1140;NA;NA
2544;1141;NA;NA
2545;1142;NA;NA
2546;1143;NA;NA
2547;1144;NA;NA
2548;1145;NA;NA
2549;1146;NA;NA
2550;1147;NA;NA
2551;1148;NA;NA
2552;1149;NA;NA
2553;1150;NA;NA
2554;1151;NA;NA
2555;1152;NA;NA
2556;1153;NA;NA
2557;1154;NA;NA
2558;1155;NA;NA
2559;1156;NA;NA
2560;1157;NA;NA
2561;1158;NA;NA
2562;1159;NA;NA
2563;1160;NA;NA
2564;1161;NA;NA
2565;1162;NA;NA
2566;1163;NA;NA
2567;1164;NA;NA
2568;1165;NA;NA
2569;1166;NA;NA
2570;1167;NA;NA
2571;1168;NA;NA
2572;1169;NA;NA
2573;1170;NA;NA
2574;1171;NA;NA
2575;1172;NA;NA
2576;1173;NA;NA
2577;1174;NA;NA
2578;1175;NA;NA
2579;1176;NA;NA
2580;1177;NA;NA
2581;1178;NA;NA
2582;1179;NA;NA
2583;1180;NA;NA
2584;1181;NA;NA
2585;1182;NA;NA
2586;1183;NA;NA
2587;1184;NA;NA
2588;1185;NA;NA
2589;1186;NA;NA
2590;1187;NA;NA
2591;1188;NA;NA
2592;1189;NA;NA
2593;1190;NA;NA
2594;1191;NA;NA
2595;1192;NA;NA
2596;1193;NA;NA
2597;1194;NA;NA
2598;1195;NA;NA
2599;1196;NA;NA
2600;1197;NA;NA
2601;1198;NA;NA
2602;1199;NA;NA
2603;1200;NA;NA
2604;1201;NA;NA
2605;1202;NA;NA
2606;1203;NA;NA
2607;1204;NA;NA
2608;1205;NA;NA
2609;1206;NA;NA
2610;1207;NA;NA
2611;1208;NA;NA
2612;1209;NA;NA
2613;1210;NA;100
2614;1211;NA;100
2615;1212;NA;NA
2616;1213;100;100
2617;1214;100;100
2618;1215;100;100
2619;1216;100;100
2620;1217;100;100
2621;1218;NA;100
2622;1219;NA;NA
2623;1220;NA;NA
2624;1221;NA;NA
2625;1222;NA;NA
2626;1223;NA;100
2627;1224;NA;NA
2628;1225;100;100
2629;1226;100;100
2630;1227;100;100
2631;1228;NA;NA
2632;1229;100;100
2633;1230;100;100
2634;1231;NA;NA
2635;1232;NA;NA
2636;1233;NA;NA
2637;NA;NA;NA
2638;NA;NA;NA
2639;NA;NA;NA
2640;NA;NA;NA
2641;NA;NA;NA
2642;NA;NA;NA
2643;NA;NA;NA
2644;1234;NA;NA
2645;1235;NA;NA
2646;1236;NA;NA
2647;1237;NA;NA
2648;1238;NA;NA
2649;1239;NA;NA
2650;1240;NA;NA
2651;1241;NA;NA
2652;1242;NA;NA
2653;1243;NA;NA
2654;1244;NA;NA
2655;1245;NA;NA
2656;1246;NA;NA
2657;1247;NA;NA
2658;1248;NA;NA
2659;1249;NA;NA
2660;1250;NA;NA
2661;1251;NA;NA
2662;1252;NA;NA
2663;1253;NA;NA
2664;1254;NA;NA
2665;1255;NA;NA
2666;1256;NA;NA
2667;1257;NA;NA
2668;1258;NA;NA
2669;1259;NA;NA
2670;1260;NA;NA
2671;1261;NA;NA
2672;1262;NA;NA
2673;1263;NA;NA
2674;1264;NA;NA
2675;1265;NA;NA
2676;1266;NA;NA
2677;1267;NA;NA
2678;1268;NA;NA
2679;1269;NA;NA
2680;1270;NA;NA
2681;1271;NA;NA
2682;1272;NA;NA
2683;1273;NA;NA
2684;1274;NA;NA
2685;1275;NA;NA
2686;1276;NA;NA
2687;1277;NA;NA
2688;1278;NA;NA
2689;1279;NA;NA
2690;1280;NA;NA
2691;1281;NA;NA
2692;1282;NA;NA
2693;1283;NA;NA
2694;1284;NA;NA
2695;1285;NA;NA
2696;1286;NA;NA
2697;1287;NA;NA
2698;1288;NA;NA
2699;1289;NA;NA
2700;1290;NA;NA
2701;1291;NA;NA
2702;1292;NA;NA
2703;1293;NA;NA
2704;1294;NA;NA
2705;1295;NA;NA
2706;1296;NA;NA
2707;1297;NA;NA
2708;1298;NA;NA
2709;1299;NA;NA
2710;1300;NA;NA
2711;1301;NA;NA
2712;1302;NA;NA
2713;1303;NA;NA
2714;1304;NA;NA
2715;1305;NA;NA
2716;1306;NA;NA
2717;1307;NA;NA
2718;1308;NA;NA
2719;1309;NA;NA
2720;1310;NA;NA
2721;1311;NA;NA
2722;1312;NA;NA
2723;1313;NA;NA
2724;1314;NA;NA
2725;1315;NA;NA
2726;1316;NA;NA
2727;1317;NA;NA
2728;1318;NA;NA
2729;1319;NA;NA
2730;1320;NA;NA
2731;1321;NA;NA
2732;1322;NA;NA
2733;1323;NA;100
2734;1324;100;100
2735;1325;100;100
2736;1326;100;100
2737;1327;100;100
2738;1328;100;100
2739;1329;100;100
2740;1330;100;100
2741;1331;100;100
2742;1332;NA;100
2743;1333;NA;NA
2744;1334;NA;100
2745;1335;NA;NA
2746;1336;100;100
2747;1337;100;100
2748;1338;100;100
2749;1339;NA;100
2750;1340;100;100
2751;1341;NA;100
2752;1342;NA;NA
2753;1343;100;100
2754;1344;NA;NA
2755;1345;NA;100
2756;NA;NA;NA
2757;NA;NA;NA
2758;NA;NA;NA
2759;NA;NA;NA
2760;NA;NA;NA
2761;NA;NA;NA
2762;1346;NA;NA
2763;1347;NA;NA
2764;1348;NA;NA
2765;1349;NA;NA
2766;1350;NA;NA
2767;1351;NA;NA
2768;1352;NA;NA
2769;1353;NA;NA
2770;1354;NA;NA
2771;1355;NA;NA
2772;1356;NA;NA
2773;1357;NA;NA
2774;1358;NA;NA
2775;1359;NA;NA
2776;1360;NA;NA
2777;1361;NA;NA
2778;1362;NA;NA
2779;1363;NA;NA
2780;1364;NA;NA
2781;1365;NA;NA
2782;1366;NA;NA
2783;1367;NA;NA
2784;1368;NA;NA
2785;1369;NA;NA
2786;1370;NA;NA
2787;1371;NA;NA
2788;1372;NA;NA
2789;1373;NA;NA
2790;1374;NA;NA
2791;1375;NA;NA
2792;1376;NA;NA
2793;1377;NA;NA
2794;1378;NA;NA
2795;1379;NA;NA
2796;1380;NA;NA
2797;1381;NA;NA
2798;1382;NA;NA
2799;1383;NA;NA
2800;1384;NA;NA
2801;1385;NA;NA
2802;1386;NA;NA
2803;1387;NA;NA
2804;1388;NA;NA
2805;1389;NA;NA
2806;1390;NA;NA
2807;1391;NA;NA
2808;1392;NA;NA
2809;1393;NA;NA
2810;1394;NA;NA
2811;1395;NA;NA
2812;1396;NA;NA
2813;1397;NA;NA
2814;1398;NA;NA
2815;1399;NA;NA
2816;1400;NA;NA
2817;1401;NA;NA
2818;1402;NA;NA
2819;1403;NA;NA
2820;1404;NA;NA
2821;1405;NA;NA
2822;1406;NA;NA
2823;1407;NA;NA
2824;1408;NA;NA
2825;1409;NA;NA
2826;1410;NA;NA
2827;1411;NA;NA
2828;1412;NA;NA
2829;1413;NA;NA
2830;1414;NA;NA
2831;1415;NA;NA
2832;1416;NA;NA
2833;1417;NA;NA
2834;1418;NA;NA
2835;1419;NA;NA
2836;1420;NA;NA
2837;1421;NA;NA
2838;1422;NA;NA
2839;1423;NA;NA
2840;1424;NA;NA
2841;1425;NA;NA
2842;1426;NA;NA
2843;1427;NA;NA
2844;1428;NA;NA
2845;1429;NA;NA
2846;1430;NA;NA
2847;1431;NA;NA
2848;1432;NA;NA
2849;1433;NA;NA
2850;1434;NA;NA
2851;1435;NA;NA
2852;1436;NA;NA
2853;1437;NA;NA
2854;1438;NA;NA
2855;1439;100;100
2856;1440;100;100
2857;1441;100;100
2858;1442;100;100
2859;1443;100;100
2860;1444;100;100
2861;1445;NA;NA
2862;1446;NA;NA
2863;1447;NA;NA
2864;1448;NA;NA
2865;1449;NA;NA
2866;1450;100;100
2867;1451;NA;NA
2868;1452;100;100
2869;1453;100;100
2870;1454;NA;NA
2871;1455;NA;100
2872;1456;NA;100
2873;1457;NA;NA
2874;1458;NA;NA
2875;1459;NA;NA
2876;NA;NA;NA
2877;NA;NA;NA
2878;NA;NA;NA
2879;NA;NA;NA
2880;NA;NA;NA
2881;1460;NA;NA
2882;1461;NA;NA
2883;1462;NA;NA
2884;1463;NA;NA
2885;1464;NA;NA
2886;1465;NA;NA
2887;1466;NA;NA
2888;1467;NA;NA
2889;1468;NA;NA
2890;1469;NA;NA
2891;1470;NA;NA
2892;1471;NA;NA
2893;1472;NA;NA
2894;1473;NA;NA
2895;1474;NA;NA
2896;1475;NA;NA
2897;1476;NA;NA
2898;1477;NA;NA
2899;1478;NA;NA
2900;1479;NA;NA
2901;1480;NA;NA
2902;1481;NA;NA
2903;1482;NA;NA
2904;1483;NA;NA
2905;1484;NA;NA
2906;1485;NA;NA
2907;1486;NA;NA
2908;1487;NA;NA
2909;1488;NA;NA
2910;1489;NA;NA
2911;1490;NA;NA
2912;1491;NA;NA
2913;1492;NA;NA
2914;1493;NA;NA
2915;1494;NA;NA
2916;1495;NA;NA
2917;1496;NA;NA
2918;1497;NA;NA
2919;1498;NA;NA
2920;1499;NA;NA
2921;1500;NA;NA
2922;1501;NA;NA
2923;1502;NA;NA
2924;1503;NA;NA
2925;1504;NA;NA
2926;1505;NA;NA
2927;1506;NA;NA
2928;1507;NA;NA
2929;1508;NA;NA
2930;1509;NA;NA
2931;1510;NA;NA
2932;1511;NA;NA
2933;1512;NA;NA
2934;1513;NA;NA
2935;1514;NA;NA
2936;1515;NA;NA
2937;1516;NA;NA
2938;1517;NA;NA
2939;1518;NA;NA
2940;1519;NA;NA
2941;1520;NA;NA
2942;1521;NA;NA
2943;1522;NA;NA
2944;1523;NA;NA
2945;1524;NA;NA
2946;1525;NA;NA
2947;1526;NA;NA
2948;1527;NA;NA
2949;1528;NA;NA
2950;1529;NA;NA
2951;1530;NA;NA
2952;1531;NA;NA
2953;1532;NA;NA
2954;1533;NA;NA
2955;1534;NA;NA
2956;1535;NA;NA
2957;1536;NA;NA
2958;1537;NA;NA
2959;1538;NA;NA
2960;1539;NA;NA
2961;1540;NA;NA
2962;1541;NA;NA
2963;1542;NA;NA
2964;1543;NA;NA
2965;1544;NA;NA
2966;1545;NA;NA
2967;1546;NA;NA
2968;1547;NA;NA
2969;1548;NA;NA
2970;1549;NA;NA
2971;1550;NA;NA
2972;1551;NA;NA
2973;1552;NA;NA
2974;1553;NA;NA
2975;1554;100;100
2976;1555;100;100
2977;1556;100;100
2978;1557;100;100
2979;1558;100;100
2980;1559;100;100
2981;1560;NA;100
2982;1561;NA;100
2983;1562;100;100
2984;1563;NA;100
2985;1564;100;100
2986;1565;NA;100
2987;1566;NA;100
2988;1567;NA;100
2989;1568;NA;100
2990;1569;NA;NA
2991;1570;NA;100
2992;1571;NA;NA
2993;1572;NA;NA
2994;1573;NA;NA
2995;NA;NA;NA
2996;NA;NA;NA
2997;NA;NA;NA
2998;NA;NA;NA
2999;NA;NA;NA
3000;NA;NA;NA
3001;NA;NA;NA
3002;1574;NA;NA
3003;1575;NA;NA
3004;1576;NA;NA
3005;1577;NA;NA
3006;1578;NA;NA
3007;1579;NA;NA
3008;1580;NA;NA
3009;1581;NA;NA
3010;1582;NA;NA
3011;1583;NA;NA
3012;1584;NA;NA
3013;1585;NA;NA
3014;1586;NA;NA
3015;1587;NA;NA
3016;1588;NA;NA
3017;1589;NA;NA
3018;1590;NA;NA
3019;1591;NA;NA
3020;1592;NA;NA
3021;1593;NA;NA
3022;1594;NA;NA
3023;1595;NA;NA
3024;1596;NA;NA
3025;1597;NA;NA
3026;1598;NA;NA
3027;1599;NA;NA
3028;1600;NA;NA
3029;1601;NA;NA
3030;1602;NA;NA
3031;1603;NA;NA
3032;1604;NA;NA
3033;1605;NA;NA
3034;1606;NA;NA
3035;1607;NA;NA
3036;1608;NA;NA
3037;1609;NA;NA
3038;1610;NA;NA
3039;1611;NA;NA
3040;1612;NA;NA
3041;1613;NA;NA
3042;1614;NA;NA
3043;1615;NA;NA
3044;1616;NA;NA
3045;1617;NA;NA
3046;1618;NA;NA
3047;1619;NA;NA
3048;1620;NA;NA
3049;1621;NA;NA
3050;1622;NA;NA
3051;1623;NA;NA
3052;1624;NA;NA
3053;1625;NA;NA
3054;1626;NA;NA
3055;1627;NA;NA
3056;1628;NA;NA
3057;1629;NA;NA
3058;1630;NA;NA
3059;1631;NA;NA
3060;1632;NA;NA
3061;1633;NA;NA
3062;1634;NA;NA
3063;1635;NA;NA
3064;1636;NA;NA
3065;1637;NA;NA
3066;1638;NA;NA
3067;1639;NA;NA
3068;1640;NA;NA
3069;1641;NA;NA
3070;1642;NA;NA
3071;1643;NA;NA
3072;1644;NA;NA
3073;1645;NA;NA
3074;1646;NA;NA
3075;1647;NA;NA
3076;1648;NA;NA
3077;1649;NA;NA
3078;1650;NA;NA
3079;1651;NA;NA
3080;1652;NA;NA
3081;1653;NA;NA
3082;1654;NA;NA
3083;1655;NA;NA
3084;1656;NA;NA
3085;1657;NA;NA
3086;1658;NA;NA
3087;1659;NA;NA
3088;1660;NA;NA
3089;1661;NA;NA
3090;1662;NA;NA
3091;1663;NA;NA
3092;1664;NA;NA
3093;1665;NA;NA
3094;1666;NA;NA
3095;1667;NA;NA
3096;1668;NA;100
3097;1669;NA;NA
3098;1670;100;100
3099;1671;100;100
3100;1672;100;100
3101;1673;NA;100
3102;1674;100;100
3103;1675;100;100
3104;1676;100;100
3105;1677;100;100
3106;1678;100;100
3107;1679;NA;NA
3108;1680;NA;100
3109;1681;NA;NA
3110;1682;NA;NA
3111;1683;NA;100
3112;1684;NA;NA
3113;1685;NA;NA
3114;1686;NA;NA
3115;NA;NA;NA
3116;NA;NA;NA
3117;NA;NA;NA
3118;NA;NA;NA
3119;NA;NA;NA
3120;NA;NA;NA
3121;NA;NA;NA
3122;1687;NA;NA
3123;1688;NA;NA
3124;1689;NA;NA
3125;1690;NA;NA
3126;1691;NA;NA
3127;1692;NA;NA
3128;1693;NA;NA
3129;1694;NA;NA
3130;1695;NA;NA
3131;1696;NA;NA
3132;1697;NA;NA
3133;1698;NA;NA
3134;1699;NA;NA
3135;1700;NA;NA
3136;1701;NA;NA
3137;1702;NA;NA
3138;1703;NA;NA
3139;1704;NA;NA
3140;1705;NA;NA
3141;1706;NA;NA
3142;1707;NA;NA
3143;1708;NA;NA
3144;1709;NA;NA
3145;1710;NA;NA
3146;1711;NA;NA
3147;1712;NA;NA
3148;1713;NA;NA
3149;1714;NA;NA
3150;1715;NA;NA
3151;1716;NA;NA
3152;1717;NA;NA
3153;1718;NA;NA
3154;1719;NA;NA
3155;1720;NA;NA
3156;1721;NA;NA
3157;1722;NA;NA
3158;1723;NA;NA
3159;1724;NA;NA
3160;1725;NA;NA
3161;1726;NA;NA
3162;1727;NA;NA
3163;1728;NA;NA
3164;1729;NA;NA
3165;1730;NA;NA
3166;1731;NA;NA
3167;1732;NA;NA
3168;1733;NA;NA
3169;1734;NA;NA
3170;1735;NA;NA
3171;1736;NA;NA
3172;1737;NA;NA
3173;1738;NA;NA
3174;1739;NA;NA
3175;1740;NA;NA
3176;1741;NA;NA
3177;1742;NA;NA
3178;1743;NA;NA
3179;1744;NA;NA
3180;1745;NA;NA
3181;1746;NA;NA
3182;1747;NA;NA
3183;1748;NA;NA
3184;1749;NA;NA
3185;1750;NA;NA
3186;1751;NA;NA
3187;1752;NA;NA
3188;1753;NA;NA
3189;1754;NA;NA
3190;1755;NA;NA
3191;1756;NA;NA
3192;1757;NA;NA
3193;1758;NA;NA
3194;1759;NA;NA
3195;1760;NA;NA
3196;1761;NA;NA
3197;1762;NA;NA
3198;1763;NA;NA
3199;1764;NA;NA
3200;1765;NA;NA
3201;1766;NA;NA
3202;1767;NA;NA
3203;1768;NA;NA
3204;1769;NA;NA
3205;1770;NA;NA
3206;1771;NA;NA
3207;1772;NA;NA
3208;1773;NA;NA
3209;1774;NA;NA
3210;1775;NA;NA
3211;1776;NA;NA
3212;1777;NA;NA
3213;1778;NA;NA
3214;1779;NA;NA
3215;1780;NA;NA
3216;1781;NA;NA
3217;1782;100;100
3218;1783;100;100
3219;1784;100;100
3220;1785;NA;NA
3221;1786;100;100
3222;1787;100;100
3223;1788;NA;100
3224;1789;NA;NA
3225;1790;NA;100
3226;1791;NA;NA
3227;1792;NA;NA
3228;1793;NA;NA
3229;1794;NA;100
3230;1795;NA;100
3231;1796;NA;100
3232;1797;NA;NA
3233;1798;NA;NA
3234;1799;NA;NA
3235;NA;NA;NA
3236;NA;NA;NA
3237;NA;NA;NA
3238;NA;NA;NA
3239;NA;NA;NA
3240;NA;NA;NA
3241;NA;NA;NA
3242;1800;NA;NA
3243;1801;NA;NA
3244;1802;NA;NA
3245;1803;NA;NA
3246;1804;NA;NA
3247;1805;NA;NA
3248;1806;NA;NA
3249;1807;NA;NA
3250;1808;NA;NA
3251;1809;NA;NA
3252;1810;NA;NA
3253;1811;NA;NA
3254;1812;NA;NA
3255;1813;NA;NA
3256;1814;NA;NA
3257;1815;NA;NA
3258;1816;NA;NA
3259;1817;NA;NA
3260;1818;NA;NA
3261;1819;NA;NA
3262;1820;NA;NA
3263;1821;NA;NA
3264;1822;NA;NA
3265;1823;NA;NA
3266;1824;NA;NA
3267;1825;NA;NA
3268;1826;NA;NA
3269;1827;NA;NA
3270;1828;NA;NA
3271;1829;NA;NA
3272;1830;NA;NA
3273;1831;NA;NA
3274;1832;NA;NA
3275;1833;NA;NA
3276;1834;NA;NA
3277;1835;NA;NA
3278;1836;NA;NA
3279;1837;NA;NA
3280;1838;NA;NA
3281;1839;NA;NA
3282;1840;NA;NA
3283;1841;NA;NA
3284;1842;NA;NA
3285;1843;NA;NA
3286;1844;NA;NA
3287;1845;NA;NA
3288;1846;NA;NA
3289;1847;NA;NA
3290;1848;NA;NA
3291;1849;NA;NA
3292;1850;NA;NA
3293;1851;NA;NA
3294;1852;NA;NA
3295;1853;NA;NA
3296;1854;NA;NA
3297;1855;NA;NA
3298;1856;NA;NA
3299;1857;NA;NA
3300;1858;NA;NA
3301;1859;NA;NA
3302;1860;NA;NA
3303;1861;NA;NA
3304;1862;NA;NA
3305;1863;NA;NA
3306;1864;NA;NA
3307;1865;NA;NA
3308;1866;NA;NA
3309;1867;NA;NA
3310;1868;NA;NA
3311;1869;NA;NA
3312;1870;NA;NA
3313;1871;NA;NA
3314;1872;NA;NA
3315;1873;NA;NA
3316;1874;NA;NA
3317;1875;NA;NA
3318;1876;NA;NA
3319;1877;NA;NA
3320;1878;NA;NA
3321;1879;NA;NA
3322;1880;NA;NA
3323;1881;NA;NA
3324;1882;NA;NA
3325;1883;NA;NA
3326;1884;NA;NA
3327;1885;NA;NA
3328;1886;NA;NA
3329;1887;NA;NA
3330;1888;NA;NA
3331;1889;NA;NA
3332;1890;NA;NA
3333;1891;NA;NA
3334;1892;NA;NA
3335;1893;NA;NA
3336;1894;NA;NA
3337;1895;100;100
3338;1896;NA;100
3339;1897;NA;100
3340;1898;NA;100
3341;1899;NA;100
3342;1900;100;100
3343;1901;NA;100
3344;1902;NA;100
3345;1903;NA;100
3346;1904;NA;NA
3347;1905;NA;100
3348;1906;NA;100
3349;1907;NA;NA
3350;1908;NA;NA
3351;1909;NA;NA
3352;1910;NA;NA
3353;1911;NA;NA
3354;1912;NA;NA
3355;NA;NA;NA
3356;NA;NA;NA
3357;NA;NA;NA
3358;NA;NA;NA
3359;NA;NA;NA
3360;NA;NA;NA
3361;NA;NA;NA
3362;1913;NA;NA
3363;1914;NA;NA
3364;1915;NA;NA
3365;1916;NA;NA
3366;1917;NA;NA
3367;1918;NA;NA
3368;1919;NA;NA
3369;1920;NA;NA
3370;1921;NA;NA
3371;1922;NA;NA
3372;1923;NA;NA
3373;1924;NA;NA
3374;1925;NA;NA
3375;1926;NA;NA
3376;1927;NA;NA
3377;1928;NA;NA
3378;1929;NA;NA
3379;1930;NA;NA
3380;1931;NA;NA
3381;1932;NA;NA
3382;1933;NA;NA
3383;1934;NA;NA
3384;1935;NA;NA
3385;1936;NA;NA
3386;1937;NA;NA
3387;1938;NA;NA
3388;1939;NA;NA
3389;1940;NA;NA
3390;1941;NA;NA
3391;1942;NA;NA
3392;1943;NA;NA
3393;1944;NA;NA
3394;1945;NA;NA
3395;1946;NA;NA
3396;1947;NA;NA
3397;1948;NA;NA
3398;1949;NA;NA
3399;1950;NA;NA
3400;1951;NA;NA
3401;1952;NA;NA
3402;1953;NA;NA
3403;1954;NA;NA
3404;1955;NA;NA
3405;1956;NA;NA
3406;1957;NA;NA
3407;1958;NA;NA
3408;1959;NA;NA
3409;1960;NA;NA
3410;1961;NA;NA
3411;1962;NA;NA
3412;1963;NA;NA
3413;1964;NA;NA
3414;1965;NA;NA
3415;1966;NA;NA
3416;1967;NA;NA
3417;1968;NA;NA
3418;1969;NA;NA
3419;1970;NA;NA
3420;1971;NA;NA
3421;1972;NA;NA
3422;1973;NA;NA
3423;1974;NA;NA
3424;1975;NA;NA
3425;1976;NA;NA
3426;1977;NA;NA
3427;1978;NA;NA
3428;1979;NA;NA
3429;1980;NA;NA
3430;1981;NA;NA
3431;1982;NA;NA
3432;1983;NA;NA
3433;1984;NA;NA
3434;1985;NA;NA
3435;1986;NA;NA
3436;1987;NA;NA
3437;1988;NA;NA
3438;1989;NA;NA
3439;1990;NA;NA
3440;1991;NA;NA
3441;1992;NA;NA
3442;1993;NA;NA
3443;1994;NA;NA
3444;1995;NA;NA
3445;1996;NA;NA
3446;1997;NA;NA
3447;1998;NA;NA
3448;1999;NA;NA
3449;2000;NA;NA
3450;2001;NA;NA
3451;2002;NA;NA
3452;2003;NA;NA
3453;2004;NA;NA
3454;2005;NA;NA
3455;2006;NA;100
3456;2007;NA;NA
3457;2008;NA;100
3458;2009;NA;100
3459;2010;100;100
3460;2011;NA;NA
3461;2012;100;100
3462;2013;100;100
3463;2014;100;100
3464;2015;NA;100
3465;2016;NA;NA
3466;2017;NA;NA
3467;2018;NA;100
3468;2019;100;100
3469;2020;100;100
3470;2021;NA;100
3471;2022;NA;100
3472;2023;NA;NA
3473;2024;NA;100
3474;NA;NA;NA
3475;NA;NA;NA
3476;NA;NA;NA
3477;NA;NA;NA
3478;NA;NA;NA
3479;NA;NA;NA
3480;NA;NA;NA
3481;NA;NA;NA
3482;NA;NA;NA
3483;2025;NA;NA
3484;2026;NA;NA
3485;2027;NA;NA
3486;2028;NA;NA
3487;2029;NA;NA
3488;2030;NA;NA
3489;2031;NA;NA
3490;2032;NA;NA
3491;2033;NA;NA
3492;2034;NA;NA
3493;2035;NA;NA
3494;2036;NA;NA
3495;2037;NA;NA
3496;2038;NA;NA
3497;2039;NA;NA
3498;2040;NA;NA
3499;2041;NA;NA
3500;2042;NA;NA
3501;2043;NA;NA
3502;2044;NA;NA
3503;2045;NA;NA
3504;2046;NA;NA
3505;2047;NA;NA
3506;2048;NA;NA
3507;2049;NA;NA
3508;2050;NA;NA
3509;2051;NA;NA
3510;2052;NA;NA
3511;2053;NA;NA
3512;2054;NA;NA
3513;2055;NA;NA
3514;2056;NA;NA
3515;2057;NA;NA
3516;2058;NA;NA
3517;2059;NA;NA
3518;2060;NA;NA
3519;2061;NA;NA
3520;2062;NA;NA
3521;2063;NA;NA
3522;2064;NA;NA
3523;2065;NA;NA
3524;2066;NA;NA
3525;2067;NA;NA
3526;2068;NA;NA
3527;2069;NA;NA
3528;2070;NA;NA
3529;2071;NA;NA
3530;2072;NA;NA
3531;2073;NA;NA
3532;2074;NA;NA
3533;2075;NA;NA
3534;2076;NA;NA
3535;2077;NA;NA
3536;2078;NA;NA
3537;2079;NA;NA
3538;2080;NA;NA
3539;2081;NA;NA
3540;2082;NA;NA
3541;2083;NA;NA
3542;2084;NA;NA
3543;2085;NA;NA
3544;2086;NA;NA
3545;2087;NA;NA
3546;2088;NA;NA
3547;2089;NA;NA
3548;2090;NA;NA
3549;2091;NA;NA
3550;2092;NA;NA
3551;2093;NA;NA
3552;2094;NA;NA
3553;2095;NA;NA
3554;2096;NA;NA
3555;2097;NA;NA
3556;2098;NA;NA
3557;2099;NA;NA
3558;2100;NA;NA
3559;2101;NA;NA
3560;2102;NA;NA
3561;2103;NA;NA
3562;2104;NA;NA
3563;2105;NA;NA
3564;2106;NA;NA
3565;2107;NA;NA
3566;2108;NA;NA
3567;2109;NA;NA
3568;2110;NA;NA
3569;2111;NA;NA
3570;2112;NA;NA
3571;2113;NA;NA
3572;2114;NA;NA
3573;2115;NA;NA
3574;2116;NA;NA
3575;2117;NA;NA
3576;2118;100;100
3577;2119;NA;NA
3578;2120;NA;100
3579;2121;NA;100
3580;2122;NA;100
3581;2123;100;100
3582;2124;100;100
3583;2125;100;100
3584;2126;NA;100
3585;2127;NA;NA
3586;2128;NA;100
3587;2129;NA;100
3588;2130;100;100
3589;2131;100;100
3590;2132;NA;100
3591;2133;NA;NA
3592;2134;NA;NA
3593;2135;NA;NA
3594;2136;NA;NA
3595;NA;NA;NA
3596;NA;NA;NA
3597;NA;NA;NA
3598;NA;NA;NA
3599;NA;NA;NA
3600;NA;NA;NA
3601;NA;NA;NA
3602;NA;NA;NA
3603;NA;NA;NA
3604;2137;NA;NA
3605;2138;NA;NA
3606;2139;NA;NA
3607;2140;NA;NA
3608;2141;NA;NA
3609;2142;NA;NA
3610;2143;NA;NA
3611;2144;NA;NA
3612;2145;NA;NA
3613;2146;NA;NA
3614;2147;NA;NA
3615;2148;NA;NA
3616;2149;NA;NA
3617;2150;NA;NA
3618;2151;NA;NA
3619;2152;NA;NA
3620;2153;NA;NA
3621;2154;NA;NA
3622;2155;NA;NA
3623;2156;NA;NA
3624;2157;NA;NA
3625;2158;NA;NA
3626;2159;NA;NA
3627;2160;NA;NA
3628;2161;NA;NA
3629;2162;NA;NA
3630;2163;NA;NA
3631;2164;NA;NA
3632;2165;NA;NA
3633;2166;NA;NA
3634;2167;NA;NA
3635;2168;NA;NA
3636;2169;NA;NA
3637;2170;NA;NA
3638;2171;NA;NA
3639;2172;NA;NA
3640;2173;NA;NA
3641;2174;NA;NA
3642;2175;NA;NA
3643;2176;NA;NA
3644;2177;NA;NA
3645;2178;NA;NA
3646;2179;NA;NA
3647;2180;NA;NA
3648;2181;NA;NA
3649;2182;NA;NA
3650;2183;NA;NA
3651;2184;NA;NA
3652;2185;NA;NA
3653;2186;NA;NA
3654;2187;NA;NA
3655;2188;NA;NA
3656;2189;NA;NA
3657;2190;NA;NA
3658;2191;NA;NA
3659;2192;NA;NA
3660;2193;NA;NA
3661;2194;NA;NA
3662;2195;NA;NA
3663;2196;NA;NA
3664;2197;NA;NA
3665;2198;NA;NA
3666;2199;NA;NA
3667;2200;NA;NA
3668;2201;NA;NA
3669;2202;NA;NA
3670;2203;NA;NA
3671;2204;NA;NA
3672;2205;NA;NA
3673;2206;NA;NA
3674;2207;NA;NA
3675;2208;NA;NA
3676;2209;NA;NA
3677;2210;100;100
3678;2211;NA;NA
3679;2212;NA;NA
3680;2213;NA;NA
3681;2214;NA;NA
3682;2215;NA;NA
3683;2216;NA;NA
3684;2217;NA;NA
3685;2218;NA;NA
3686;2219;NA;NA
3687;2220;NA;NA
3688;2221;NA;NA
3689;2222;NA;NA
3690;2223;NA;NA
3691;2224;NA;NA
3692;2225;NA;NA
3693;2226;NA;NA
3694;2227;NA;NA
3695;2228;NA;NA
3696;2229;NA;NA
3697;2230;NA;NA
3698;2231;NA;NA
3699;2232;NA;NA
3700;2233;NA;NA
3701;2234;100;100
3702;2235;100;100
3703;2236;100;100
3704;2237;NA;100
3705;2238;NA;100
3706;2239;100;100
3707;2240;100;100
3708;2241;100;100
3709;2242;100;100
3710;2243;100;100
3711;2244;NA;100
3712;2245;NA;NA
3713;2246;NA;NA
3714;NA;NA;NA
3715;NA;NA;NA
3716;NA;NA;NA
3717;NA;NA;NA
3718;NA;NA;NA
3719;NA;NA;NA
3720;NA;NA;NA
3721;NA;NA;NA
3722;NA;NA;NA
3723;NA;NA;NA
3724;2247;NA;NA
3725;2248;NA;NA
3726;2249;NA;NA
3727;2250;NA;NA
3728;2251;NA;NA
3729;2252;NA;NA
3730;2253;NA;NA
3731;2254;NA;NA
3732;2255;NA;NA
3733;2256;NA;NA
3734;2257;NA;NA
3735;2258;NA;NA
3736;2259;NA;NA
3737;2260;NA;NA
3738;2261;NA;NA
3739;2262;NA;NA
3740;2263;NA;NA
3741;2264;NA;NA
3742;2265;NA;NA
3743;2266;NA;NA
3744;2267;NA;NA
3745;2268;NA;NA
3746;2269;NA;NA
3747;2270;NA;NA
3748;2271;NA;NA
3749;2272;NA;NA
3750;2273;NA;NA
3751;2274;NA;NA
3752;2275;NA;NA
3753;2276;NA;NA
3754;2277;NA;NA
3755;2278;NA;NA
3756;2279;NA;NA
3757;2280;NA;NA
3758;2281;NA;NA
3759;2282;NA;NA
3760;2283;NA;NA
3761;2284;NA;NA
3762;2285;NA;NA
3763;2286;NA;NA
3764;2287;NA;NA
3765;2288;NA;NA
3766;2289;NA;NA
3767;2290;NA;NA
3768;2291;NA;NA
3769;2292;NA;NA
3770;2293;NA;NA
3771;2294;NA;NA
3772;2295;NA;NA
3773;2296;NA;NA
3774;2297;NA;NA
3775;2298;NA;NA
3776;2299;NA;NA
3777;2300;NA;NA
3778;2301;NA;NA
3779;2302;NA;NA
3780;2303;NA;NA
3781;2304;NA;NA
3782;2305;NA;NA
3783;2306;NA;NA
3784;2307;NA;NA
3785;2308;NA;NA
3786;2309;NA;NA
3787;2310;NA;NA
3788;2311;NA;NA
3789;2312;NA;NA
3790;2313;NA;NA
3791;2314;NA;NA
3792;2315;NA;NA
3793;2316;NA;NA
3794;2317;NA;NA
3795;2318;NA;NA
3796;2319;NA;NA
3797;2320;NA;NA
3798;2321;NA;NA
3799;2322;NA;NA
3800;2323;NA;NA
3801;2324;NA;NA
3802;2325;NA;NA
3803;2326;NA;NA
3804;2327;NA;NA
3805;2328;NA;NA
3806;2329;NA;NA
3807;2330;NA;NA
3808;2331;NA;NA
3809;2332;NA;NA
3810;2333;NA;NA
3811;2334;NA;NA
3812;2335;NA;NA
3813;2336;NA;NA
3814;2337;NA;NA
3815;2338;NA;NA
3816;2339;NA;NA
3817;2340;NA;NA
3818;2341;NA;NA
3819;2342;NA;NA
3820;2343;NA;NA
3821;2344;100;100
3822;2345;NA;100
3823;2346;100;100
3824;2347;NA;100
3825;2348;NA;NA
3826;2349;NA;100
3827;2350;100;100
3828;2351;100;100
3829;2352;100;100
3830;2353;100;100
3831;2354;100;100
3832;2355;NA;NA
3833;2356;NA;NA
3834;NA;NA;NA
3835;NA;NA;NA
3836;NA;NA;NA
3837;NA;NA;NA
3838;NA;NA;NA
3839;NA;NA;NA
3840;NA;NA;NA
3841;NA;NA;NA
3842;NA;NA;NA
3843;NA;NA;NA
3844;2357;NA;NA
3845;2358;NA;NA
3846;2359;NA;NA
3847;2360;NA;NA
3848;2361;NA;NA
3849;2362;NA;NA
3850;2363;NA;NA
3851;2364;NA;NA
3852;2365;NA;NA
3853;2366;NA;NA
3854;2367;NA;NA
3855;2368;NA;NA
3856;2369;NA;NA
3857;2370;NA;NA
3858;2371;NA;NA
3859;2372;NA;NA
3860;2373;NA;NA
3861;2374;NA;NA
3862;2375;NA;NA
3863;2376;NA;NA
3864;2377;NA;NA
3865;2378;NA;NA
3866;2379;NA;NA
3867;2380;NA;NA
3868;2381;NA;NA
3869;2382;NA;NA
3870;2383;NA;NA
3871;2384;NA;NA
3872;2385;NA;NA
3873;2386;NA;NA
3874;2387;NA;NA
3875;2388;NA;NA
3876;2389;NA;NA
3877;2390;NA;NA
3878;2391;NA;NA
3879;2392;NA;NA
3880;2393;NA;NA
3881;2394;NA;NA
3882;2395;NA;NA
3883;2396;NA;NA
3884;2397;NA;NA
3885;2398;NA;NA
3886;2399;NA;NA
3887;2400;NA;NA
3888;2401;NA;NA
3889;2402;NA;NA
3890;2403;NA;NA
3891;2404;NA;NA
3892;2405;NA;NA
3893;2406;NA;NA
3894;2407;NA;NA
3895;2408;NA;NA
3896;2409;NA;NA
3897;2410;NA;NA
3898;2411;NA;NA
3899;2412;NA;NA
3900;2413;NA;NA
3901;2414;NA;NA
3902;2415;NA;NA
3903;2416;NA;NA
3904;2417;NA;NA
3905;2418;NA;NA
3906;2419;NA;NA
3907;2420;NA;NA
3908;2421;NA;NA
3909;2422;NA;NA
3910;2423;NA;NA
3911;2424;NA;NA
3912;2425;NA;NA
3913;2426;NA;NA
3914;2427;NA;NA
3915;2428;NA;NA
3916;2429;NA;NA
3917;2430;NA;NA
3918;2431;NA;NA
3919;2432;NA;NA
3920;2433;NA;NA
3921;2434;NA;NA
3922;2435;NA;NA
3923;2436;NA;NA
3924;2437;NA;NA
3925;2438;NA;NA
3926;2439;NA;NA
3927;2440;NA;NA
3928;2441;NA;NA
3929;2442;NA;NA
3930;2443;NA;NA
3931;2444;NA;NA
3932;2445;NA;NA
3933;2446;NA;NA
3934;2447;NA;NA
3935;2448;NA;NA
3936;2449;NA;NA
3937;2450;NA;NA
3938;2451;NA;NA
3939;2452;NA;NA
3940;2453;NA;NA
3941;2454;NA;NA
3942;2455;NA;100
3943;2456;NA;NA
3944;2457;NA;100
3945;2458;100;100
3946;2459;100;100
3947;2460;100;100
3948;2461;NA;100
3949;2462;NA;100
3950;2463;100;100
3951;2464;NA;NA
3952;2465;NA;NA
3953;NA;NA;NA
3954;NA;NA;NA
3955;NA;NA;NA
3956;NA;NA;NA
3957;NA;NA;NA
3958;NA;NA;NA
3959;NA;NA;NA
3960;NA;NA;NA
3961;NA;NA;NA
3962;NA;NA;NA
3963;2466;NA;NA
3964;2467;NA;NA
3965;2468;NA;NA
3966;2469;NA;NA
3967;2470;NA;NA
3968;2471;NA;NA
3969;2472;NA;NA
3970;2473;NA;NA
3971;2474;NA;NA
3972;2475;NA;NA
3973;2476;NA;NA
3974;2477;NA;NA
3975;2478;NA;NA
3976;2479;NA;NA
3977;2480;NA;NA
3978;2481;NA;NA
3979;2482;NA;NA
3980;2483;NA;NA
3981;2484;NA;NA
3982;2485;NA;NA
3983;2486;NA;NA
3984;2487;NA;NA
3985;2488;NA;NA
3986;2489;NA;NA
3987;2490;NA;NA
3988;2491;NA;NA
3989;2492;NA;NA
3990;2493;NA;NA
3991;2494;NA;NA
3992;2495;NA;NA
3993;2496;NA;NA
3994;2497;NA;NA
3995;2498;NA;NA
3996;2499;NA;NA
3997;2500;NA;NA
3998;2501;NA;NA
3999;2502;NA;NA
4000;2503;NA;NA
4001;2504;NA;NA
4002;2505;NA;NA
4003;2506;NA;NA
4004;2507;NA;NA
4005;2508;NA;NA
4006;2509;NA;NA
4007;2510;NA;NA
4008;2511;NA;NA
4009;2512;NA;NA
4010;2513;NA;NA
4011;2514;NA;NA
4012;2515;NA;NA
4013;2516;NA;NA
4014;2517;NA;NA
4015;2518;NA;NA
4016;2519;NA;NA
4017;2520;NA;NA
4018;2521;NA;NA
4019;2522;NA;NA
4020;2523;NA;NA
4021;2524;NA;NA
4022;2525;NA;NA
4023;2526;NA;NA
4024;2527;NA;NA
4025;2528;NA;NA
4026;2529;NA;NA
4027;2530;NA;NA
4028;2531;NA;NA
4029;2532;NA;NA
4030;2533;NA;NA
4031;2534;NA;NA
4032;2535;NA;NA
4033;2536;NA;NA
4034;2537;NA;NA
4035;2538;NA;NA
4036;2539;NA;NA
4037;2540;NA;NA
4038;2541;NA;NA
4039;2542;NA;NA
4040;2543;NA;NA
4041;2544;NA;NA
4042;2545;NA;NA
4043;2546;NA;NA
4044;2547;NA;NA
4045;2548;NA;NA
4046;2549;NA;NA
4047;2550;NA;NA
4048;2551;NA;NA
4049;2552;NA;NA
4050;2553;NA;NA
4051;2554;NA;NA
4052;2555;NA;NA
4053;2556;NA;NA
4054;2557;NA;NA
4055;2558;NA;NA
4056;2559;NA;NA
4057;2560;NA;NA
4058;2561;NA;NA
4059;2562;NA;NA
4060;2563;NA;NA
4061;2564;NA;NA
4062;2565;NA;NA
4063;2566;NA;NA
4064;2567;100;100
4065;2568;NA;NA
4066;2569;NA;100
4067;2570;100;100
4068;2571;100;100
4069;2572;100;100
4070;2573;NA;NA
4071;2574;NA;NA
4072;NA;NA;NA
4073;NA;NA;NA
4074;NA;NA;NA
4075;NA;NA;NA
4076;NA;NA;NA
4077;NA;NA;NA
4078;NA;NA;NA
4079;NA;NA;NA
4080;NA;NA;NA
4081;NA;NA;NA
4082;NA;NA;NA
4083;2575;NA;NA
4084;2576;NA;NA
4085;2577;NA;NA
4086;2578;NA;NA
4087;2579;NA;NA
4088;2580;NA;NA
4089;2581;NA;NA
4090;2582;NA;NA
4091;2583;NA;NA
4092;2584;NA;NA
4093;2585;NA;NA
4094;2586;NA;NA
4095;2587;NA;NA
4096;2588;NA;NA
4097;2589;NA;NA
4098;2590;NA;NA
4099;2591;NA;NA
4100;2592;NA;NA
4101;2593;NA;NA
4102;2594;NA;NA
4103;2595;NA;NA
4104;2596;NA;NA
4105;2597;NA;NA
4106;2598;NA;NA
4107;2599;NA;NA
4108;2600;NA;NA
4109;2601;NA;NA
4110;2602;NA;NA
4111;2603;NA;NA
4112;2604;NA;NA
4113;2605;NA;NA
4114;2606;NA;NA
4115;2607;NA;NA
4116;2608;NA;NA
4117;2609;NA;NA
4118;2610;NA;NA
4119;2611;NA;NA
4120;2612;NA;NA
4121;2613;NA;NA
4122;2614;NA;NA
4123;2615;NA;NA
4124;2616;NA;NA
4125;2617;NA;NA
4126;2618;NA;NA
4127;2619;NA;NA
4128;2620;NA;NA
4129;2621;NA;NA
4130;2622;NA;NA
4131;2623;NA;NA
4132;2624;NA;NA
4133;2625;NA;NA
4134;2626;NA;NA
4135;2627;NA;NA
4136;2628;NA;NA
4137;2629;NA;NA
4138;2630;NA;NA
4139;2631;NA;NA
4140;2632;NA;NA
4141;2633;NA;NA
4142;2634;NA;NA
4143;2635;NA;NA
4144;2636;NA;NA
4145;2637;NA;NA
4146;2638;NA;NA
4147;2639;NA;NA
4148;2640;NA;NA
4149;2641;NA;NA
4150;2642;NA;NA
4151;2643;NA;NA
4152;2644;NA;NA
4153;2645;NA;NA
4154;2646;NA;NA
4155;2647;NA;NA
4156;2648;NA;NA
4157;2649;NA;NA
4158;2650;NA;NA
4159;2651;NA;NA
4160;2652;NA;NA
4161;2653;NA;NA
4162;2654;NA;NA
4163;2655;NA;NA
4164;2656;NA;NA
4165;2657;NA;NA
4166;2658;NA;NA
4167;2659;NA;NA
4168;2660;NA;NA
4169;2661;NA;NA
4170;2662;NA;NA
4171;2663;NA;NA
4172;2664;NA;NA
4173;2665;NA;NA
4174;2666;NA;NA
4175;2667;NA;NA
4176;2668;NA;NA
4177;2669;NA;NA
4178;2670;NA;NA
4179;2671;NA;NA
4180;2672;NA;NA
4181;2673;NA;NA
4182;2674;100;100
4183;2675;NA;NA
4184;2676;NA;NA
4185;2677;NA;NA
4186;2678;100;100
4187;2679;NA;NA
4188;2680;NA;NA
4189;2681;NA;NA
4190;2682;NA;NA
4191;NA;NA;NA
4192;NA;NA;NA
4193;NA;NA;NA
4194;NA;NA;NA
4195;NA;NA;NA
4196;NA;NA;NA
4197;NA;NA;NA
4198;NA;NA;NA
4199;NA;NA;NA
4200;NA;NA;NA
4201;NA;NA;NA
4202;NA;NA;NA
4203;2683;NA;NA
4204;2684;NA;NA
4205;2685;NA;NA
4206;2686;NA;NA
4207;2687;NA;NA
4208;2688;NA;NA
4209;2689;NA;NA
4210;2690;NA;NA
4211;2691;NA;NA
4212;2692;NA;NA
4213;2693;NA;NA
4214;2694;NA;NA
4215;2695;NA;NA
4216;2696;NA;NA
4217;2697;NA;NA
4218;2698;NA;NA
4219;2699;NA;NA
4220;2700;NA;NA
4221;2701;NA;NA
4222;2702;NA;NA
4223;2703;NA;NA
4224;2704;NA;NA
4225;2705;NA;NA
4226;2706;NA;NA
4227;2707;NA;NA
4228;2708;NA;NA
4229;2709;NA;NA
4230;2710;NA;NA
4231;2711;NA;NA
4232;2712;NA;NA
4233;2713;NA;NA
4234;2714;NA;NA
4235;2715;NA;NA
4236;2716;NA;NA
4237;2717;NA;NA
4238;2718;NA;NA
4239;2719;NA;NA
4240;2720;NA;NA
4241;2721;NA;NA
4242;2722;NA;NA
4243;2723;NA;NA
4244;2724;NA;NA
4245;2725;NA;NA
4246;2726;NA;NA
4247;2727;NA;NA
4248;2728;NA;NA
4249;2729;NA;NA
4250;2730;NA;NA
4251;2731;NA;NA
4252;2732;NA;NA
4253;2733;NA;NA
4254;2734;NA;NA
4255;2735;NA;NA
4256;2736;NA;NA
4257;2737;NA;NA
4258;2738;NA;NA
4259;2739;NA;NA
4260;2740;NA;NA
4261;2741;NA;NA
4262;2742;NA;NA
4263;2743;NA;NA
4264;2744;NA;NA
4265;2745;NA;NA
4266;2746;NA;NA
4267;2747;NA;NA
4268;2748;NA;NA
4269;2749;NA;NA
4270;2750;NA;NA
4271;2751;NA;NA
4272;2752;NA;NA
4273;2753;NA;NA
4274;2754;NA;NA
4275;2755;NA;NA
4276;2756;NA;NA
4277;2757;NA;NA
4278;2758;NA;NA
4279;2759;NA;NA
4280;2760;NA;NA
4281;2761;NA;NA
4282;2762;NA;NA
4283;2763;NA;NA
4284;2764;NA;NA
4285;2765;NA;NA
4286;2766;NA;NA
4287;2767;NA;NA
4288;2768;NA;NA
4289;2769;NA;NA
4290;2770;NA;NA
4291;2771;NA;NA
4292;2772;NA;NA
4293;2773;NA;NA
4294;2774;NA;NA
4295;2775;NA;NA
4296;2776;NA;NA
4297;2777;NA;NA
4298;2778;NA;NA
4299;2779;NA;NA
4300;2780;NA;NA
4301;2781;NA;NA
4302;2782;NA;NA
4303;2783;NA;NA
4304;2784;NA;NA
4305;2785;NA;NA
4306;2786;NA;NA
4307;2787;NA;NA
4308;2788;NA;NA
4309;2789;NA;NA
4310;2790;NA;NA
4311;NA;NA;NA
4312;NA;NA;NA
4313;NA;NA;NA
4314;NA;NA;NA
4315;NA;NA;NA
4316;NA;NA;NA
4317;NA;NA;NA
4318;NA;NA;NA
4319;NA;NA;NA
4320;NA;NA;NA
4321;NA;NA;NA
4322;NA;NA;NA
4323;2791;NA;NA
4324;2792;NA;NA
4325;2793;NA;NA
4326;2794;NA;NA
4327;2795;NA;NA
4328;2796;NA;NA
4329;2797;NA;NA
4330;2798;NA;NA
4331;2799;NA;NA
4332;2800;NA;NA
4333;2801;NA;NA
4334;2802;NA;NA
4335;2803;NA;NA
4336;2804;NA;NA
4337;2805;NA;NA
4338;2806;NA;NA
4339;2807;NA;NA
4340;2808;NA;NA
4341;2809;NA;NA
4342;2810;NA;NA
4343;2811;NA;NA
4344;2812;NA;NA
4345;2813;NA;NA
4346;2814;NA;NA
4347;2815;NA;NA
4348;2816;NA;NA
4349;2817;NA;NA
4350;2818;NA;NA
4351;2819;NA;NA
4352;2820;NA;NA
4353;2821;NA;NA
4354;2822;NA;NA
4355;2823;NA;NA
4356;2824;NA;NA
4357;2825;NA;NA
4358;2826;NA;NA
4359;2827;NA;NA
4360;2828;NA;NA
4361;2829;NA;NA
4362;2830;NA;NA
4363;2831;NA;NA
4364;2832;NA;NA
4365;2833;NA;NA
4366;2834;NA;NA
4367;2835;NA;NA
4368;2836;NA;NA
4369;2837;NA;NA
4370;2838;NA;NA
4371;2839;NA;NA
4372;2840;NA;NA
4373;2841;NA;NA
4374;2842;NA;NA
4375;2843;NA;NA
4376;2844;NA;NA
4377;2845;NA;NA
4378;2846;NA;NA
4379;2847;NA;NA
4380;2848;NA;NA
4381;2849;NA;NA
4382;2850;NA;NA
4383;2851;NA;NA
4384;2852;NA;NA
4385;2853;NA;NA
4386;2854;NA;NA
4387;2855;NA;NA
4388;2856;NA;NA
4389;2857;NA;NA
4390;2858;NA;NA
4391;2859;NA;NA
4392;2860;NA;NA
4393;2861;NA;NA
4394;2862;NA;NA
4395;2863;NA;NA
4396;2864;NA;NA
4397;2865;NA;NA
4398;2866;NA;NA
4399;2867;NA;NA
4400;2868;NA;NA
4401;2869;NA;NA
4402;2870;NA;100
4403;2871;NA;NA
4404;2872;NA;NA
4405;2873;NA;NA
4406;2874;NA;NA
4407;2875;NA;NA
4408;2876;NA;NA
4409;2877;NA;NA
4410;2878;NA;NA
4411;2879;NA;NA
4412;2880;NA;NA
4413;2881;NA;NA
4414;2882;NA;NA
4415;2883;NA;NA
4416;2884;NA;NA
4417;2885;NA;NA
4418;2886;NA;NA
4419;2887;NA;NA
4420;2888;NA;NA
4421;2889;NA;NA
4422;2890;NA;NA
4423;2891;NA;NA
4424;2892;NA;NA
4425;2893;NA;NA
4426;2894;NA;NA
4427;2895;NA;NA
4428;2896;NA;NA
4429;2897;NA;NA
4430;2898;NA;NA
4431;NA;NA;NA
4432;NA;NA;NA
4433;NA;NA;NA
4434;NA;NA;NA
4435;NA;NA;NA
4436;NA;NA;NA
4437;NA;NA;NA
4438;NA;NA;NA
4439;NA;NA;NA
4440;NA;NA;NA
4441;NA;NA;NA
4442;NA;NA;NA
4443;2899;NA;NA
4444;2900;NA;NA
4445;2901;NA;NA
4446;2902;NA;NA
4447;2903;NA;NA
4448;2904;NA;NA
4449;2905;NA;NA
4450;2906;NA;NA
4451;2907;NA;NA
4452;2908;NA;NA
4453;2909;NA;NA
4454;2910;NA;NA
4455;2911;NA;NA
4456;2912;NA;NA
4457;2913;NA;NA
4458;2914;NA;NA
4459;2915;NA;NA
4460;2916;NA;NA
4461;2917;NA;NA
4462;2918;NA;NA
4463;2919;NA;NA
4464;2920;NA;NA
4465;2921;NA;NA
4466;2922;NA;NA
4467;2923;NA;NA
4468;2924;NA;NA
4469;2925;NA;NA
4470;2926;NA;NA
4471;2927;NA;NA
4472;2928;NA;NA
4473;2929;NA;NA
4474;2930;NA;NA
4475;2931;NA;NA
4476;2932;NA;NA
4477;2933;NA;NA
4478;2934;NA;NA
4479;2935;NA;NA
4480;2936;NA;NA
4481;2937;NA;NA
4482;2938;NA;NA
4483;2939;NA;NA
4484;2940;NA;NA
4485;2941;NA;NA
4486;2942;NA;NA
4487;2943;NA;NA
4488;2944;NA;NA
4489;2945;NA;NA
4490;2946;NA;NA
4491;2947;NA;NA
4492;2948;NA;NA
4493;2949;NA;NA
4494;2950;NA;NA
4495;2951;NA;NA
4496;2952;NA;NA
4497;2953;NA;NA
4498;2954;NA;NA
4499;2955;NA;NA
4500;2956;NA;NA
4501;2957;NA;NA
4502;2958;NA;NA
4503;2959;NA;NA
4504;2960;NA;NA
4505;2961;NA;NA
4506;2962;NA;NA
4507;2963;NA;NA
4508;2964;NA;NA
4509;2965;NA;NA
4510;2966;NA;NA
4511;2967;NA;NA
4512;2968;NA;NA
4513;2969;NA;NA
4514;2970;NA;100
4515;2971;NA;NA
4516;2972;NA;NA
4517;2973;NA;NA
4518;2974;NA;NA
4519;2975;NA;NA
4520;2976;NA;NA
4521;2977;NA;NA
4522;2978;NA;NA
4523;2979;NA;NA
4524;2980;NA;NA
4525;2981;NA;NA
4526;2982;NA;NA
4527;2983;NA;NA
4528;2984;NA;NA
4529;2985;NA;NA
4530;2986;NA;NA
4531;2987;NA;NA
4532;2988;NA;NA
4533;2989;NA;NA
4534;2990;NA;NA
4535;2991;NA;NA
4536;2992;NA;NA
4537;2993;NA;NA
4538;2994;NA;NA
4539;2995;NA;NA
4540;2996;NA;NA
4541;2997;NA;NA
4542;2998;NA;NA
4543;2999;NA;NA
4544;3000;NA;NA
4545;3001;NA;NA
4546;3002;NA;NA
4547;3003;NA;NA
4548;3004;NA;NA
4549;3005;NA;NA
4550;3006;NA;NA
4551;3007;NA;NA
4552;NA;NA;NA
4553;NA;NA;NA
4554;NA;NA;NA
4555;NA;NA;NA
4556;NA;NA;NA
4557;NA;NA;NA
4558;NA;NA;NA
4559;NA;NA;NA
4560;NA;NA;NA
4561;NA;NA;NA
4562;NA;NA;NA
4563;NA;NA;NA
4564;3008;NA;NA
4565;3009;NA;NA
4566;3010;NA;NA
4567;3011;NA;NA
4568;3012;NA;NA
4569;3013;NA;NA
4570;3014;NA;NA
4571;3015;NA;NA
4572;3016;NA;NA
4573;3017;NA;NA
4574;3018;NA;NA
4575;3019;NA;NA
4576;3020;NA;NA
4577;3021;NA;NA
4578;3022;NA;NA
4579;3023;NA;NA
4580;3024;NA;NA
4581;3025;NA;NA
4582;3026;NA;NA
4583;3027;NA;NA
4584;3028;NA;NA
4585;3029;NA;NA
4586;3030;NA;NA
4587;3031;NA;NA
4588;3032;NA;NA
4589;3033;NA;NA
4590;3034;NA;NA
4591;3035;NA;NA
4592;3036;NA;NA
4593;3037;NA;NA
4594;3038;NA;NA
4595;3039;NA;NA
4596;3040;NA;NA
4597;3041;NA;NA
4598;3042;NA;NA
4599;3043;NA;NA
4600;3044;NA;NA
4601;3045;NA;NA
4602;3046;NA;NA
4603;3047;NA;NA
4604;3048;NA;NA
4605;3049;NA;NA
4606;3050;NA;NA
4607;3051;NA;NA
4608;3052;NA;NA
4609;3053;NA;NA
4610;3054;NA;NA
4611;3055;NA;NA
4612;3056;NA;NA
4613;3057;NA;NA
4614;3058;NA;NA
4615;3059;NA;NA
4616;3060;NA;NA
4617;3061;NA;NA
4618;3062;NA;NA
4619;3063;NA;NA
4620;3064;NA;NA
4621;3065;NA;NA
4622;3066;NA;NA
4623;3067;NA;NA
4624;3068;NA;NA
4625;3069;NA;NA
4626;3070;NA;NA
4627;3071;NA;NA
4628;3072;NA;NA
4629;3073;NA;NA
4630;3074;NA;100
4631;3075;NA;NA
4632;3076;NA;NA
4633;3077;NA;NA
4634;3078;NA;NA
4635;3079;100;100
4636;3080;100;100
4637;3081;NA;NA
4638;3082;100;100
4639;3083;NA;NA
4640;3084;NA;NA
4641;3085;NA;NA
4642;3086;NA;NA
4643;3087;NA;NA
4644;3088;NA;NA
4645;3089;NA;NA
4646;3090;NA;NA
4647;3091;NA;NA
4648;3092;NA;NA
4649;3093;NA;NA
4650;3094;NA;NA
4651;3095;NA;NA
4652;3096;NA;NA
4653;3097;NA;NA
4654;3098;NA;NA
4655;3099;NA;NA
4656;3100;NA;NA
4657;3101;NA;NA
4658;3102;NA;NA
4659;3103;NA;NA
4660;3104;NA;NA
4661;3105;NA;NA
4662;3106;NA;NA
4663;3107;NA;NA
4664;3108;NA;NA
4665;3109;NA;NA
4666;3110;NA;NA
4667;3111;NA;100
4668;3112;NA;NA
4669;3113;NA;NA
4670;3114;NA;NA
4671;NA;NA;NA
4672;NA;NA;NA
4673;NA;NA;NA
4674;NA;NA;NA
4675;NA;NA;NA
4676;NA;NA;NA
4677;NA;NA;NA
4678;NA;NA;NA
4679;NA;NA;NA
4680;NA;NA;NA
4681;NA;NA;NA
4682;NA;NA;NA
4683;NA;NA;NA
4684;3115;NA;NA
4685;3116;NA;NA
4686;3117;NA;NA
4687;3118;NA;NA
4688;3119;NA;NA
4689;3120;NA;NA
4690;3121;NA;NA
4691;3122;NA;NA
4692;3123;NA;NA
4693;3124;NA;NA
4694;3125;NA;NA
4695;3126;NA;NA
4696;3127;NA;NA
4697;3128;NA;NA
4698;3129;NA;NA
4699;3130;NA;NA
4700;3131;NA;NA
4701;3132;NA;NA
4702;3133;NA;NA
4703;3134;NA;NA
4704;3135;NA;NA
4705;3136;NA;NA
4706;3137;NA;NA
4707;3138;NA;NA
4708;3139;NA;NA
4709;3140;NA;NA
4710;3141;NA;NA
4711;3142;NA;NA
4712;3143;NA;NA
4713;3144;NA;NA
4714;3145;NA;NA
4715;3146;NA;NA
4716;3147;NA;NA
4717;3148;NA;NA
4718;3149;NA;NA
4719;3150;NA;NA
4720;3151;NA;NA
4721;3152;NA;NA
4722;3153;NA;NA
4723;3154;NA;NA
4724;3155;NA;NA
4725;3156;NA;NA
4726;3157;NA;NA
4727;3158;NA;NA
4728;3159;NA;NA
4729;3160;NA;NA
4730;3161;NA;NA
4731;3162;NA;NA
4732;3163;NA;NA
4733;3164;NA;NA
4734;3165;NA;NA
4735;3166;NA;NA
4736;3167;NA;NA
4737;3168;NA;NA
4738;3169;NA;NA
4739;3170;NA;NA
4740;3171;NA;NA
4741;3172;NA;NA
4742;3173;NA;NA
4743;3174;NA;NA
4744;3175;NA;NA
4745;3176;NA;NA
4746;3177;NA;NA
4747;3178;NA;NA
4748;3179;NA;NA
4749;3180;NA;NA
4750;3181;NA;100
4751;3182;NA;NA
4752;3183;NA;NA
4753;3184;100;100
4754;3185;100;100
4755;3186;100;100
4756;3187;NA;100
4757;3188;NA;100
4758;3189;NA;NA
4759;NA;NA;NA
4760;3190;NA;NA
4761;3191;NA;NA
4762;3192;NA;NA
4763;3193;NA;NA
4764;3194;NA;NA
4765;3195;NA;NA
4766;3196;NA;NA
4767;3197;NA;NA
4768;3198;NA;NA
4769;3199;NA;NA
4770;3200;NA;NA
4771;3201;NA;NA
4772;3202;NA;NA
4773;3203;NA;NA
4774;3204;NA;NA
4775;3205;NA;NA
4776;3206;NA;NA
4777;3207;NA;NA
4778;3208;NA;NA
4779;3209;NA;NA
4780;3210;NA;NA
4781;3211;NA;NA
4782;3212;NA;NA
4783;3213;NA;NA
4784;3214;NA;NA
4785;3215;NA;NA
4786;3216;NA;NA
4787;3217;NA;NA
4788;3218;NA;NA
4789;3219;NA;NA
4790;3220;NA;NA
4791;NA;NA;NA
4792;NA;NA;NA
4793;NA;NA;NA
4794;NA;NA;NA
4795;NA;NA;NA
4796;NA;NA;NA
4797;NA;NA;NA
4798;NA;NA;NA
4799;NA;NA;NA
4800;NA;NA;NA
4801;NA;NA;NA
4802;NA;NA;NA
4803;NA;NA;NA
4804;NA;NA;NA
4805;NA;NA;NA
4806;NA;NA;NA
4807;3221;NA;NA
4808;3222;NA;NA
4809;3223;NA;NA
4810;3224;NA;NA
4811;3225;NA;NA
4812;3226;NA;NA
4813;3227;NA;NA
4814;3228;NA;NA
4815;3229;NA;NA
4816;NA;NA;NA
4817;NA;NA;NA
4818;3230;NA;NA
4819;3231;NA;NA
4820;3232;NA;NA
4821;3233;NA;NA
4822;3234;NA;NA
4823;3235;NA;NA
4824;3236;NA;NA
4825;3237;NA;NA
4826;3238;NA;NA
4827;3239;NA;NA
4828;3240;NA;NA
4829;3241;NA;NA
4830;3242;NA;NA
4831;3243;NA;NA
4832;3244;NA;NA
4833;3245;NA;NA
4834;3246;NA;NA
4835;3247;NA;NA
4836;3248;NA;NA
4837;3249;NA;NA
4838;3250;NA;NA
4839;3251;NA;NA
4840;3252;NA;NA
4841;3253;NA;NA
4842;3254;NA;NA
4843;3255;NA;NA
4844;3256;NA;NA
4845;3257;NA;NA
4846;3258;NA;NA
4847;3259;NA;NA
4848;3260;NA;NA
4849;3261;NA;NA
4850;3262;NA;NA
4851;3263;NA;NA
4852;3264;NA;NA
4853;3265;NA;NA
4854;3266;NA;NA
4855;3267;NA;NA
4856;3268;NA;NA
4857;3269;NA;NA
4858;3270;NA;NA
4859;3271;NA;NA
4860;3272;NA;NA
4861;3273;NA;NA
4862;3274;NA;NA
4863;3275;NA;NA
4864;3276;NA;NA
4865;3277;NA;NA
4866;3278;NA;NA
4867;3279;NA;NA
4868;3280;NA;NA
4869;3281;NA;NA
4870;3282;NA;NA
4871;3283;NA;NA
4872;3284;NA;NA
4873;3285;NA;100
4874;3286;NA;NA
4875;3287;NA;NA
4876;NA;NA;NA
4877;NA;NA;NA
4878;NA;NA;NA
4879;NA;NA;NA
4880;NA;NA;NA
4881;3288;NA;NA
4882;3289;NA;NA
4883;3290;NA;NA
4884;3291;NA;NA
4885;3292;NA;NA
4886;3293;NA;NA
4887;3294;NA;NA
4888;3295;NA;NA
4889;3296;NA;NA
4890;3297;NA;NA
4891;3298;NA;NA
4892;3299;NA;NA
4893;3300;NA;NA
4894;3301;NA;NA
4895;3302;NA;NA
4896;3303;NA;NA
4897;3304;NA;NA
4898;3305;NA;NA
4899;3306;NA;NA
4900;3307;NA;NA
4901;3308;NA;NA
4902;3309;NA;NA
4903;3310;NA;NA
4904;3311;NA;NA
4905;3312;NA;NA
4906;3313;NA;NA
4907;3314;NA;NA
4908;NA;NA;NA
4909;NA;NA;NA
4910;NA;NA;NA
4911;NA;NA;NA
4912;NA;NA;NA
4913;NA;NA;NA
4914;NA;NA;NA
4915;NA;NA;NA
4916;NA;NA;NA
4917;NA;NA;NA
4918;NA;NA;NA
4919;NA;NA;NA
4920;NA;NA;NA
4921;NA;NA;NA
4922;NA;NA;NA
4923;NA;NA;NA
4924;NA;NA;NA
4925;NA;NA;NA
4926;NA;NA;NA
4927;NA;NA;NA
4928;3315;NA;NA
4929;3316;NA;NA
4930;3317;NA;NA
4931;3318;NA;NA
4932;3319;NA;NA
4933;3320;NA;NA
4934;3321;NA;NA
4935;3322;NA;NA
4936;NA;NA;NA
4937;NA;NA;NA
4938;3323;NA;NA
4939;3324;NA;NA
4940;3325;NA;NA
4941;NA;NA;NA
4942;NA;NA;NA
4943;3326;NA;NA
4944;3327;NA;NA
4945;3328;NA;NA
4946;3329;NA;NA
4947;3330;NA;NA
4948;3331;NA;NA
4949;3332;NA;NA
4950;3333;NA;NA
4951;3334;NA;NA
4952;3335;NA;NA
4953;3336;NA;NA
4954;3337;NA;NA
4955;3338;NA;NA
4956;3339;NA;NA
4957;3340;NA;NA
4958;3341;NA;NA
4959;3342;NA;NA
4960;3343;NA;NA
4961;3344;NA;NA
4962;3345;NA;NA
4963;3346;NA;NA
4964;3347;NA;NA
4965;3348;NA;NA
4966;3349;NA;NA
4967;3350;NA;NA
4968;3351;NA;NA
4969;3352;NA;NA
4970;3353;NA;NA
4971;3354;NA;NA
4972;3355;NA;NA
4973;3356;NA;NA
4974;3357;NA;NA
4975;3358;NA;NA
4976;3359;NA;NA
4977;3360;NA;NA
4978;3361;NA;NA
4979;3362;NA;NA
4980;3363;NA;NA
4981;3364;NA;NA
4982;3365;NA;NA
4983;3366;NA;NA
4984;3367;NA;NA
4985;3368;NA;NA
4986;3369;NA;NA
4987;3370;NA;NA
4988;3371;NA;NA
4989;3372;NA;NA
4990;3373;NA;NA
4991;3374;NA;NA
4992;3375;NA;NA
4993;3376;100;100
4994;3377;NA;100
4995;3378;NA;NA
4996;NA;NA;NA
4997;NA;NA;NA
4998;NA;NA;NA
4999;NA;NA;NA
5000;NA;NA;NA
5001;NA;NA;NA
5002;3379;NA;NA
5003;3380;NA;NA
5004;3381;NA;NA
5005;3382;NA;NA
5006;3383;NA;NA
5007;NA;NA;NA
5008;3384;NA;NA
5009;3385;NA;NA
5010;3386;NA;NA
5011;3387;NA;NA
5012;3388;NA;NA
5013;3389;NA;NA
5014;3390;NA;NA
5015;3391;NA;NA
5016;3392;NA;NA
5017;3393;NA;NA
5018;3394;NA;NA
5019;3395;NA;NA
5020;3396;NA;NA
5021;3397;NA;NA
5022;3398;NA;NA
5023;3399;NA;NA
5024;3400;NA;NA
5025;3401;NA;NA
5026;3402;NA;NA
5027;NA;NA;NA
5028;NA;NA;NA
5029;NA;NA;NA
5030;NA;NA;NA
5031;NA;NA;NA
5032;NA;NA;NA
5033;NA;NA;NA
5034;NA;NA;NA
5035;NA;NA;NA
5036;NA;NA;NA
5037;NA;NA;NA
5038;NA;NA;NA
5039;NA;NA;NA
5040;NA;NA;NA
5041;NA;NA;NA
5042;NA;NA;NA
5043;NA;NA;NA
5044;NA;NA;NA
5045;NA;NA;NA
5046;NA;NA;NA
5047;NA;NA;NA
5048;NA;NA;NA
5049;3403;NA;NA
5050;3404;NA;NA
5051;3405;NA;NA
5052;3406;NA;NA
5053;3407;NA;NA
5054;3408;NA;NA
5055;NA;NA;NA
5056;NA;NA;NA
5057;NA;NA;NA
5058;NA;NA;NA
5059;NA;NA;NA
5060;NA;NA;NA
5061;NA;NA;NA
5062;NA;NA;NA
5063;3409;NA;NA
5064;3410;NA;NA
5065;3411;NA;NA
5066;3412;NA;NA
5067;3413;NA;NA
5068;3414;NA;NA
5069;3415;NA;NA
5070;3416;NA;NA
5071;3417;NA;NA
5072;3418;NA;NA
5073;3419;NA;NA
5074;3420;NA;NA
5075;3421;NA;NA
5076;3422;NA;NA
5077;3423;NA;NA
5078;3424;NA;NA
5079;3425;NA;NA
5080;3426;NA;NA
5081;NA;NA;NA
5082;NA;NA;NA
5083;NA;NA;NA
5084;3427;NA;NA
5085;3428;NA;NA
5086;3429;NA;NA
5087;3430;NA;NA
5088;3431;NA;NA
5089;3432;NA;NA
5090;3433;NA;NA
5091;3434;NA;NA
5092;3435;NA;NA
5093;3436;NA;NA
5094;3437;NA;NA
5095;3438;NA;NA
5096;3439;NA;NA
5097;3440;NA;NA
5098;3441;NA;NA
5099;3442;NA;NA
5100;3443;NA;NA
5101;3444;NA;NA
5102;3445;NA;NA
5103;3446;NA;NA
5104;3447;NA;NA
5105;3448;NA;NA
5106;3449;NA;NA
5107;3450;NA;NA
5108;3451;NA;NA
5109;3452;NA;NA
5110;3453;NA;NA
5111;3454;NA;NA
5112;3455;NA;NA
5113;NA;NA;NA
5114;3456;NA;NA
5115;3457;NA;NA
5116;NA;NA;NA
5117;NA;NA;NA
5118;NA;NA;NA
5119;NA;NA;NA
5120;NA;NA;NA
5121;NA;NA;NA
5122;NA;NA;NA
5123;NA;NA;NA
5124;NA;NA;NA
5125;3458;NA;NA
5126;NA;NA;NA
5127;NA;NA;NA
5128;NA;NA;NA
5129;3459;NA;NA
5130;3460;NA;NA
5131;3461;NA;NA
5132;3462;NA;NA
5133;3463;NA;NA
5134;3464;NA;NA
5135;3465;NA;NA
5136;3466;NA;NA
5137;3467;NA;NA
5138;3468;NA;NA
5139;3469;NA;NA
5140;NA;NA;NA
5141;NA;NA;NA
5142;3470;NA;100
5143;3471;NA;100
5144;3472;NA;NA
5145;3473;NA;NA
5146;NA;NA;NA
5147;NA;NA;NA
5148;NA;NA;NA
5149;NA;NA;NA
5150;NA;NA;NA
5151;NA;NA;NA
5152;NA;NA;NA
5153;NA;NA;NA
5154;NA;NA;NA
5155;NA;NA;NA
5156;NA;NA;NA
5157;NA;NA;NA
5158;NA;NA;NA
5159;NA;NA;NA
5160;NA;NA;NA
5161;NA;NA;NA
5162;NA;NA;NA
5163;NA;NA;NA
5164;NA;NA;NA
5165;NA;NA;NA
5166;NA;NA;NA
5167;NA;NA;NA
5168;NA;NA;NA
5169;NA;NA;NA
5170;3474;NA;NA
5171;3475;NA;NA
5172;NA;NA;NA
5173;NA;NA;NA
5174;NA;NA;NA
5175;NA;NA;NA
5176;NA;NA;NA
5177;NA;NA;NA
5178;NA;NA;NA
5179;NA;NA;NA
5180;NA;NA;NA
5181;NA;NA;NA
5182;NA;NA;NA
5183;NA;NA;NA
5184;NA;NA;NA
5185;NA;NA;NA
5186;NA;NA;NA
5187;NA;NA;NA
5188;3476;NA;NA
5189;3477;NA;NA
5190;3478;NA;NA
5191;3479;NA;NA
5192;NA;NA;NA
5193;NA;NA;NA
5194;NA;NA;NA
5195;NA;NA;NA
5196;3480;NA;NA
5197;3481;NA;NA
5198;3482;NA;NA
5199;3483;NA;NA
5200;3484;NA;NA
5201;NA;NA;NA
5202;NA;NA;NA
5203;NA;NA;NA
5204;NA;NA;NA
5205;NA;NA;NA
5206;NA;NA;NA
5207;NA;NA;NA
5208;NA;NA;NA
5209;3485;NA;NA
5210;3486;NA;NA
5211;3487;NA;NA
5212;3488;NA;NA
5213;3489;NA;NA
5214;3490;NA;NA
5215;3491;NA;NA
5216;3492;NA;NA
5217;3493;NA;NA
5218;3494;NA;NA
5219;3495;NA;NA
5220;3496;NA;NA
5221;3497;NA;NA
5222;3498;NA;NA
5223;3499;NA;NA
5224;3500;NA;NA
5225;3501;NA;NA
5226;3502;NA;NA
5227;3503;NA;NA
5228;NA;NA;NA
5229;NA;NA;NA
5230;3504;NA;100
5231;3505;NA;NA
5232;NA;NA;NA
5233;NA;NA;NA
5234;NA;NA;NA
5235;NA;NA;NA
5236;NA;NA;NA
5237;NA;NA;NA
5238;NA;NA;NA
5239;NA;NA;NA
5240;NA;NA;NA
5241;NA;NA;NA
5242;NA;NA;NA
5243;NA;NA;NA
5244;NA;NA;NA
5245;NA;NA;NA
5246;NA;NA;NA
5247;NA;NA;NA
5248;NA;NA;NA
5249;3506;NA;NA
5250;3507;NA;NA
5251;3508;NA;NA
5252;3509;NA;NA
5253;3510;NA;NA
5254;3511;NA;NA
5255;3512;NA;NA
5256;3513;NA;NA
5257;3514;NA;NA
5258;3515;NA;NA
5259;NA;NA;NA
5260;NA;NA;NA
5261;NA;NA;NA
5262;NA;NA;NA
5263;NA;NA;NA
5264;NA;NA;NA
5265;NA;NA;NA
5266;NA;NA;NA
5267;NA;NA;NA
5268;NA;NA;NA
5269;NA;NA;NA
5270;NA;NA;NA
5271;NA;NA;NA
5272;NA;NA;NA
5273;NA;NA;NA
5274;NA;NA;NA
5275;NA;NA;NA
5276;NA;NA;NA
5277;NA;NA;NA
5278;NA;NA;NA
5279;NA;NA;NA
5280;NA;NA;NA
5281;NA;NA;NA
5282;NA;NA;NA
5283;NA;NA;NA
5284;NA;NA;NA
5285;NA;NA;NA
5286;NA;NA;NA
5287;NA;NA;NA
5288;NA;NA;NA
5289;NA;NA;NA
5290;3516;NA;NA
5291;3517;NA;NA
5292;3518;NA;NA
5293;NA;NA;NA
5294;NA;NA;NA
5295;NA;NA;NA
5296;NA;NA;NA
5297;NA;NA;NA
5298;NA;NA;NA
5299;NA;NA;NA
5300;NA;NA;NA
5301;NA;NA;NA
5302;NA;NA;NA
5303;NA;NA;NA
5304;NA;NA;NA
5305;NA;NA;NA
5306;NA;NA;NA
5307;NA;NA;NA
5308;NA;NA;NA
5309;3519;NA;NA
5310;3520;NA;NA
5311;NA;NA;NA
5312;NA;NA;NA
5313;NA;NA;NA
5314;NA;NA;NA
5315;NA;NA;NA
5316;NA;NA;NA
5317;NA;NA;NA
5318;NA;NA;NA
5319;3521;NA;NA
5320;NA;NA;NA
5321;NA;NA;NA
5322;NA;NA;NA
5323;NA;NA;NA
5324;NA;NA;NA
5325;NA;NA;NA
5326;NA;NA;NA
5327;NA;NA;NA
5328;NA;NA;NA
5329;3522;NA;NA
5330;3523;NA;NA
5331;3524;NA;NA
5332;3525;NA;NA
5333;3526;NA;NA
5334;3527;NA;NA
5335;3528;NA;NA
5336;3529;NA;NA
5337;3530;NA;NA
5338;NA;NA;NA
5339;3531;NA;NA
5340;3532;NA;NA
5341;3533;NA;NA
5342;3534;NA;NA
5343;3535;NA;NA
5344;3536;NA;NA
5345;3537;NA;NA
5346;NA;NA;NA
5347;NA;NA;NA
5348;NA;NA;NA
5349;NA;NA;NA
5350;NA;NA;NA
5351;NA;NA;NA
5352;NA;NA;NA
5353;NA;NA;NA
5354;NA;NA;NA
5355;NA;NA;NA
5356;NA;NA;NA
5357;NA;NA;NA
5358;NA;NA;NA
5359;NA;NA;NA
5360;NA;NA;NA
5361;NA;NA;NA
5362;NA;NA;NA
5363;NA;NA;NA
5364;NA;NA;NA
5365;NA;NA;NA
5366;NA;NA;NA
5367;NA;NA;NA
5368;NA;NA;NA
5369;NA;NA;NA
5370;NA;NA;NA
5371;3538;NA;NA
5372;3539;NA;NA
5373;3540;NA;NA
5374;3541;NA;NA
5375;NA;NA;NA
5376;NA;NA;NA
5377;NA;NA;NA
5378;NA;NA;NA
5379;NA;NA;NA
5380;NA;NA;NA
5381;NA;NA;NA
5382;NA;NA;NA
5383;NA;NA;NA
5384;NA;NA;NA
5385;NA;NA;NA
5386;NA;NA;NA
5387;NA;NA;NA
5388;NA;NA;NA
5389;NA;NA;NA
5390;NA;NA;NA
5391;NA;NA;NA
5392;NA;NA;NA
5393;NA;NA;NA
5394;NA;NA;NA
5395;NA;NA;NA
5396;NA;NA;NA
5397;NA;NA;NA
5398;NA;NA;NA
5399;NA;NA;NA
5400;NA;NA;NA
5401;NA;NA;NA
5402;NA;NA;NA
5403;NA;NA;NA
5404;NA;NA;NA
5405;NA;NA;NA
5406;NA;NA;NA
5407;NA;NA;NA
5408;NA;NA;NA
5409;NA;NA;NA
5410;NA;NA;NA
5411;NA;NA;NA
5412;NA;NA;NA
5413;NA;NA;NA
5414;NA;NA;NA
5415;NA;NA;NA
5416;NA;NA;NA
5417;NA;NA;NA
5418;NA;NA;NA
5419;NA;NA;NA
5420;NA;NA;NA
5421;NA;NA;NA
5422;NA;NA;NA
5423;NA;NA;NA
5424;NA;NA;NA
5425;NA;NA;NA
5426;NA;NA;NA
5427;NA;NA;NA
5428;NA;NA;NA
5429;NA;NA;NA
5430;NA;NA;NA
5431;NA;NA;NA
5432;NA;NA;NA
5433;NA;NA;NA
5434;NA;NA;NA
5435;NA;NA;NA
5436;NA;NA;NA
5437;NA;NA;NA
5438;NA;NA;NA
5439;NA;NA;NA
5440;NA;NA;NA
5441;NA;NA;NA
5442;NA;NA;NA
5443;NA;NA;NA
5444;NA;NA;NA
5445;NA;NA;NA
5446;NA;NA;NA
5447;NA;NA;NA
5448;NA;NA;NA
5449;3542;NA;NA
5450;3543;NA;NA
5451;3544;NA;NA
5452;3545;NA;NA
5453;3546;NA;NA
5454;3547;NA;NA
5455;NA;NA;NA
5456;NA;NA;NA
5457;NA;NA;NA
5458;NA;NA;NA
5459;NA;NA;NA
5460;3548;NA;NA
5461;3549;NA;NA
5462;3550;NA;NA
5463;3551;NA;NA
5464;NA;NA;NA
5465;NA;NA;NA
5466;NA;NA;NA
5467;NA;NA;NA
5468;NA;NA;NA
5469;NA;NA;NA
5470;NA;NA;NA
5471;NA;NA;NA
5472;NA;NA;NA
5473;NA;NA;NA
5474;NA;NA;NA
5475;NA;NA;NA
5476;NA;NA;NA
5477;NA;NA;NA
5478;NA;NA;NA
5479;NA;NA;NA
5480;NA;NA;NA
5481;NA;NA;NA
5482;NA;NA;NA
5483;NA;NA;NA
5484;NA;NA;NA
5485;NA;NA;NA
5486;NA;NA;NA
5487;NA;NA;NA
5488;NA;NA;NA
5489;NA;NA;NA
5490;NA;NA;NA
5491;NA;NA;NA
5492;NA;NA;NA
5493;NA;NA;NA
5494;NA;NA;NA
5495;NA;NA;NA
5496;NA;NA;NA
5497;NA;NA;NA
5498;NA;NA;NA
5499;NA;NA;NA
5500;NA;NA;NA
5501;NA;NA;NA
5502;NA;NA;NA
5503;NA;NA;NA
5504;NA;NA;NA
5505;NA;NA;NA
5506;NA;NA;NA
5507;NA;NA;NA
5508;NA;NA;NA
5509;NA;NA;NA
5510;NA;NA;NA
5511;NA;NA;NA
5512;NA;NA;NA
5513;NA;NA;NA
5514;NA;NA;NA
5515;NA;NA;NA
5516;NA;NA;NA
5517;NA;NA;NA
5518;NA;NA;NA
5519;NA;NA;NA
5520;NA;NA;NA
5521;NA;NA;NA
5522;NA;NA;NA
5523;NA;NA;NA
5524;NA;NA;NA
5525;NA;NA;NA
5526;NA;NA;NA
5527;NA;NA;NA
5528;NA;NA;NA
5529;NA;NA;NA
5530;NA;NA;NA
5531;NA;NA;NA
5532;NA;NA;NA
5533;NA;NA;NA
5534;NA;NA;NA
5535;NA;NA;NA
5536;NA;NA;NA
5537;NA;NA;NA
5538;NA;NA;NA
5539;NA;NA;NA
5540;NA;NA;NA
5541;NA;NA;NA
5542;NA;NA;NA
5543;NA;NA;NA
5544;NA;NA;NA
5545;NA;NA;NA
5546;NA;NA;NA
5547;NA;NA;NA
5548;NA;NA;NA
5549;NA;NA;NA
5550;NA;NA;NA
5551;NA;NA;NA
5552;NA;NA;NA
5553;NA;NA;NA
5554;NA;NA;NA
5555;NA;NA;NA
5556;NA;NA;NA
5557;NA;NA;NA
5558;NA;NA;NA
5559;NA;NA;NA
5560;NA;NA;NA
5561;NA;NA;NA
5562;NA;NA;NA
5563;NA;NA;NA
5564;NA;NA;NA
5565;NA;NA;NA
5566;NA;NA;NA
5567;NA;NA;NA
5568;NA;NA;NA
5569;NA;NA;NA
5570;NA;NA;NA
5571;NA;NA;NA
5572;NA;NA;NA
5573;NA;NA;NA
5574;NA;NA;NA
5575;NA;NA;NA
5576;NA;NA;NA
5577;NA;NA;NA
5578;NA;NA;NA
5579;NA;NA;NA
5580;NA;NA;NA
5581;NA;NA;NA
5582;NA;NA;NA
5583;NA;NA;NA
5584;NA;NA;NA
5585;NA;NA;NA
5586;NA;NA;NA
5587;NA;NA;NA
5588;NA;NA;NA
5589;NA;NA;NA
5590;NA;NA;NA
5591;NA;NA;NA
5592;NA;NA;NA
5593;NA;NA;NA
5594;NA;NA;NA
5595;NA;NA;NA
5596;NA;NA;NA
5597;NA;NA;NA
5598;NA;NA;NA
5599;NA;NA;NA
5600;NA;NA;NA
5601;NA;NA;NA
5602;NA;NA;NA
5603;NA;NA;NA
5604;NA;NA;NA
5605;NA;NA;NA
5606;NA;NA;NA
5607;NA;NA;NA
5608;NA;NA;NA
5609;NA;NA;NA
5610;NA;NA;NA
5611;NA;NA;NA
5612;NA;NA;NA
5613;NA;NA;NA
5614;NA;NA;NA
5615;NA;NA;NA
5616;NA;NA;NA
5617;NA;NA;NA
5618;NA;NA;NA
5619;NA;NA;NA
5620;NA;NA;NA
5621;NA;NA;NA
5622;NA;NA;NA
5623;NA;NA;NA
5624;NA;NA;NA
5625;NA;NA;NA
5626;NA;NA;NA
5627;NA;NA;NA
5628;NA;NA;NA
5629;NA;NA;NA
5630;NA;NA;NA
5631;NA;NA;NA
5632;NA;NA;NA
5633;NA;NA;NA
5634;NA;NA;NA
5635;NA;NA;NA
5636;NA;NA;NA
5637;NA;NA;NA
5638;NA;NA;NA
5639;NA;NA;NA
5640;NA;NA;NA
